,idx,code,name,brand_name,hash_tag,star,star_count,weight,ml,product_count,price,date,flag,ingredients,view,product img path,product detail img paths,product_url
0,1,,심플한 소프트 프리미엄 코튼 반지 100% 퓨어 코튼 흡수제 코튼 패드 100 카운트(6개 팩):,no_brand,,,,,,단일옵션,"30,700원",2021-01-13 15:53:02.602431,,,,./img_files_in_coupang_baby_title/product/물티슈/건티슈/no_brand/심플한 소프트 프리미엄 코튼 반지 100% 퓨어 코튼 흡수제 코튼 패드 100 카운트(6개 팩):.jpg,"./img_files_in_coupang_baby_title/product_detail/물티슈/건티슈/no_brand/심플한 소프트 프리미엄 코튼 반지 100% 퓨어 코튼 흡수제 코튼 패드 100 카운트(6개 팩):/심플한 소프트 프리미엄 코튼 반지 100% 퓨어 코튼 흡수제 코튼 패드 100 카운트(6개 팩):_0.jpg,./img_files_in_coupang_baby_title/product_detail/물티슈/건티슈/no_brand/심플한 소프트 프리미엄 코튼 반지 100% 퓨어 코튼 흡수제 코튼 패드 100 카운트(6개 팩):/심플한 소프트 프리미엄 코튼 반지 100% 퓨어 코튼 흡수제 코튼 패드 100 카운트(6개 팩):_1.jpg",https://www.coupang.com/vp/products/4343794799?itemId=5087930963&vendorItemId=72397550989&sourceType=CATEGORY&categoryId=485881
1,2,,OUGEER 일회용 클렌징 페이스 타월 부직포 일회용 와이퍼 워시클러 메이크업 페이셜 소프트 패드 베이비 와이퍼 면수건 1개,no_brand,,,,,,단일옵션,"22,800원",2021-01-13 15:53:18.221451,,,,./img_files_in_coupang_baby_title/product/물티슈/건티슈/no_brand/OUGEER 일회용 클렌징 페이스 타월 부직포 일회용 와이퍼 워시클러 메이크업 페이셜 소프트 패드 베이비 와이퍼 면수건 1개.jpg,"./img_files_in_coupang_baby_title/product_detail/물티슈/건티슈/no_brand/OUGEER 일회용 클렌징 페이스 타월 부직포 일회용 와이퍼 워시클러 메이크업 페이셜 소프트 패드 베이비 와이퍼 면수건 1개/OUGEER 일회용 클렌징 페이스 타월 부직포 일회용 와이퍼 워시클러 메이크업 페이셜 소프트 패드 베이비 와이퍼 면수건 1개_0.jpg,./img_files_in_coupang_baby_title/product_detail/물티슈/건티슈/no_brand/OUGEER 일회용 클렌징 페이스 타월 부직포 일회용 와이퍼 워시클러 메이크업 페이셜 소프트 패드 베이비 와이퍼 면수건 1개/OUGEER 일회용 클렌징 페이스 타월 부직포 일회용 와이퍼 워시클러 메이크업 페이셜 소프트 패드 베이비 와이퍼 면수건 1개_1.jpg",https://www.coupang.com/vp/products/4343794848?itemId=5087931074&vendorItemId=72397551052&sourceType=CATEGORY&categoryId=485881
2,3,,고딕브라이드 드라이 베이비 물티슈 100% 코튼 50카운트 미향 코튼 티슈로 아기들의 민감한 피부:뷰티슈,no_brand,,,,,,단일옵션,"16,800원",2021-01-13 15:53:33.619361,,,,./img_files_in_coupang_baby_title/product/물티슈/건티슈/no_brand/고딕브라이드 드라이 베이비 물티슈 100% 코튼 50카운트 미향 코튼 티슈로 아기들의 민감한 피부:뷰티슈.jpg,"./img_files_in_coupang_baby_title/product_detail/물티슈/건티슈/no_brand/고딕브라이드 드라이 베이비 물티슈 100% 코튼 50카운트 미향 코튼 티슈로 아기들의 민감한 피부:뷰티슈/고딕브라이드 드라이 베이비 물티슈 100% 코튼 50카운트 미향 코튼 티슈로 아기들의 민감한 피부:뷰티슈_0.jpg,./img_files_in_coupang_baby_title/product_detail/물티슈/건티슈/no_brand/고딕브라이드 드라이 베이비 물티슈 100% 코튼 50카운트 미향 코튼 티슈로 아기들의 민감한 피부:뷰티슈/고딕브라이드 드라이 베이비 물티슈 100% 코튼 50카운트 미향 코튼 티슈로 아기들의 민감한 피부:뷰티슈_1.jpg",https://www.coupang.com/vp/products/4343794746?itemId=5087930830&vendorItemId=72397550829&sourceType=CATEGORY&categoryId=485881
3,4,,퓨어 코튼 티슈 페이셜 티슈 베이비 코튼 티슈 내구성이 뛰어난 다목적 코튼 닦아스 일회용 면 타월 페이셜 코튼 3팩(300Count,no_brand,,,,,,단일옵션,"24,700원",2021-01-13 15:53:49.139058,,,,./img_files_in_coupang_baby_title/product/물티슈/건티슈/no_brand/퓨어 코튼 티슈 페이셜 티슈 베이비 코튼 티슈 내구성이 뛰어난 다목적 코튼 닦아스 일회용 면 타월 페이셜 코튼 3팩(300Count.jpg,"./img_files_in_coupang_baby_title/product_detail/물티슈/건티슈/no_brand/퓨어 코튼 티슈 페이셜 티슈 베이비 코튼 티슈 내구성이 뛰어난 다목적 코튼 닦아스 일회용 면 타월 페이셜 코튼 3팩(300Count/퓨어 코튼 티슈 페이셜 티슈 베이비 코튼 티슈 내구성이 뛰어난 다목적 코튼 닦아스 일회용 면 타월 페이셜 코튼 3팩(300Count_0.jpg,./img_files_in_coupang_baby_title/product_detail/물티슈/건티슈/no_brand/퓨어 코튼 티슈 페이셜 티슈 베이비 코튼 티슈 내구성이 뛰어난 다목적 코튼 닦아스 일회용 면 타월 페이셜 코튼 3팩(300Count/퓨어 코튼 티슈 페이셜 티슈 베이비 코튼 티슈 내구성이 뛰어난 다목적 코튼 닦아스 일회용 면 타월 페이셜 코튼 3팩(300Count_1.jpg",https://www.coupang.com/vp/products/4343794725?itemId=5087930785&vendorItemId=72397550772&sourceType=CATEGORY&categoryId=485881
4,5,,BigOtters 200 PCS 압축 타월 트래블 캠핑 홈 욕실 뷰티 살롱 아웃도어 스포츠용 Tablet 타월 코인 티슈: 주방 &amp. 다이닝,no_brand,,,,,,단일옵션,"30,500원",2021-01-13 15:54:04.492486,,,,./img_files_in_coupang_baby_title/product/물티슈/건티슈/no_brand/BigOtters 200 PCS 압축 타월 트래블 캠핑 홈 욕실 뷰티 살롱 아웃도어 스포츠용 Tablet 타월 코인 티슈: 주방 &amp. 다이닝.jpg,"./img_files_in_coupang_baby_title/product_detail/물티슈/건티슈/no_brand/BigOtters 200 PCS 압축 타월 트래블 캠핑 홈 욕실 뷰티 살롱 아웃도어 스포츠용 Tablet 타월 코인 티슈: 주방 &amp. 다이닝/BigOtters 200 PCS 압축 타월 트래블 캠핑 홈 욕실 뷰티 살롱 아웃도어 스포츠용 Tablet 타월 코인 티슈: 주방 &amp. 다이닝_0.jpg,./img_files_in_coupang_baby_title/product_detail/물티슈/건티슈/no_brand/BigOtters 200 PCS 압축 타월 트래블 캠핑 홈 욕실 뷰티 살롱 아웃도어 스포츠용 Tablet 타월 코인 티슈: 주방 &amp. 다이닝/BigOtters 200 PCS 압축 타월 트래블 캠핑 홈 욕실 뷰티 살롱 아웃도어 스포츠용 Tablet 타월 코인 티슈: 주방 &amp. 다이닝_1.jpg",https://www.coupang.com/vp/products/4343795090?itemId=5087931883&vendorItemId=72397550691&sourceType=CATEGORY&categoryId=485881
5,6,,코튼 페이퍼 타월 일회용 페이스 워싱 압축 타월 베이비 케어 소프트 타월 면과 아이 메이크업 리무버 습식 타월 및 드라이 타,no_brand,,,,,,단일옵션,"13,000원",2021-01-13 15:54:19.859086,,,,./img_files_in_coupang_baby_title/product/물티슈/건티슈/no_brand/코튼 페이퍼 타월 일회용 페이스 워싱 압축 타월 베이비 케어 소프트 타월 면과 아이 메이크업 리무버 습식 타월 및 드라이 타.jpg,"./img_files_in_coupang_baby_title/product_detail/물티슈/건티슈/no_brand/코튼 페이퍼 타월 일회용 페이스 워싱 압축 타월 베이비 케어 소프트 타월 면과 아이 메이크업 리무버 습식 타월 및 드라이 타/코튼 페이퍼 타월 일회용 페이스 워싱 압축 타월 베이비 케어 소프트 타월 면과 아이 메이크업 리무버 습식 타월 및 드라이 타_0.jpg,./img_files_in_coupang_baby_title/product_detail/물티슈/건티슈/no_brand/코튼 페이퍼 타월 일회용 페이스 워싱 압축 타월 베이비 케어 소프트 타월 면과 아이 메이크업 리무버 습식 타월 및 드라이 타/코튼 페이퍼 타월 일회용 페이스 워싱 압축 타월 베이비 케어 소프트 타월 면과 아이 메이크업 리무버 습식 타월 및 드라이 타_1.jpg",https://www.coupang.com/vp/products/4343794700?itemId=5087930761&vendorItemId=72397550767&sourceType=CATEGORY&categoryId=485881
6,7,,골드 화장품 &amp. 용품 (200개) 일회용 에스테틱 물티슈 2x2 - 부직포 면 물티슈 스퀘어 - (Opens up to 4x4) - 건조 비살균,no_brand,,,,,,단일옵션,"22,800원",2021-01-13 15:54:35.172878,,,,./img_files_in_coupang_baby_title/product/물티슈/건티슈/no_brand/골드 화장품 &amp. 용품 (200개) 일회용 에스테틱 물티슈 2x2 - 부직포 면 물티슈 스퀘어 - (Opens up to 4x4) - 건조 비살균.jpg,"./img_files_in_coupang_baby_title/product_detail/물티슈/건티슈/no_brand/골드 화장품 &amp. 용품 (200개) 일회용 에스테틱 물티슈 2x2 - 부직포 면 물티슈 스퀘어 - (Opens up to 4x4) - 건조 비살균/골드 화장품 &amp. 용품 (200개) 일회용 에스테틱 물티슈 2x2 - 부직포 면 물티슈 스퀘어 - (Opens up to 4x4) - 건조 비살균_0.jpg,./img_files_in_coupang_baby_title/product_detail/물티슈/건티슈/no_brand/골드 화장품 &amp. 용품 (200개) 일회용 에스테틱 물티슈 2x2 - 부직포 면 물티슈 스퀘어 - (Opens up to 4x4) - 건조 비살균/골드 화장품 &amp. 용품 (200개) 일회용 에스테틱 물티슈 2x2 - 부직포 면 물티슈 스퀘어 - (Opens up to 4x4) - 건조 비살균_1.jpg",https://www.coupang.com/vp/products/4343794558?itemId=5087930443&vendorItemId=72397550305&sourceType=CATEGORY&categoryId=485881
7,8,,민감성 피부를 위한 코튼티슈 드라이 습기 부드러운 무향 메이크업 제거 코튼 와이프 타월 : 사무용품,no_brand,,,,,,단일옵션,"46,500원",2021-01-13 15:54:50.662629,,,,./img_files_in_coupang_baby_title/product/물티슈/건티슈/no_brand/민감성 피부를 위한 코튼티슈 드라이 습기 부드러운 무향 메이크업 제거 코튼 와이프 타월 : 사무용품.jpg,"./img_files_in_coupang_baby_title/product_detail/물티슈/건티슈/no_brand/민감성 피부를 위한 코튼티슈 드라이 습기 부드러운 무향 메이크업 제거 코튼 와이프 타월 : 사무용품/민감성 피부를 위한 코튼티슈 드라이 습기 부드러운 무향 메이크업 제거 코튼 와이프 타월 : 사무용품_0.jpg,./img_files_in_coupang_baby_title/product_detail/물티슈/건티슈/no_brand/민감성 피부를 위한 코튼티슈 드라이 습기 부드러운 무향 메이크업 제거 코튼 와이프 타월 : 사무용품/민감성 피부를 위한 코튼티슈 드라이 습기 부드러운 무향 메이크업 제거 코튼 와이프 타월 : 사무용품_1.jpg",https://www.coupang.com/vp/products/4343794451?itemId=5087929890&vendorItemId=72397549997&sourceType=CATEGORY&categoryId=485881
8,9,,유기농 버프 7종 화이트 클라우드 1사이즈 문·백 베이비 세트,no_brand,,,,,,단일옵션,"41,000원",2021-01-13 15:55:06.228416,,,,./img_files_in_coupang_baby_title/product/물티슈/건티슈/no_brand/유기농 버프 7종 화이트 클라우드 1사이즈 문·백 베이비 세트.jpg,"./img_files_in_coupang_baby_title/product_detail/물티슈/건티슈/no_brand/유기농 버프 7종 화이트 클라우드 1사이즈 문·백 베이비 세트/유기농 버프 7종 화이트 클라우드 1사이즈 문·백 베이비 세트_0.jpg,./img_files_in_coupang_baby_title/product_detail/물티슈/건티슈/no_brand/유기농 버프 7종 화이트 클라우드 1사이즈 문·백 베이비 세트/유기농 버프 7종 화이트 클라우드 1사이즈 문·백 베이비 세트_1.jpg",https://www.coupang.com/vp/products/4343794420?itemId=5087929843&vendorItemId=72397549976&sourceType=CATEGORY&categoryId=485881
9,10,,"토울렛 메이크업 닦아내기 코튼 드라이 닦아내기 7.87"" X 7.87"" 100시트 소프트 코튼 티스 일회용 코튼 드라이 닦아내기",no_brand,,,,,,단일옵션,"24,700원",2021-01-13 15:55:21.643153,,,,"./img_files_in_coupang_baby_title/product/물티슈/건티슈/no_brand/토울렛 메이크업 닦아내기 코튼 드라이 닦아내기 7.87"" X 7.87"" 100시트 소프트 코튼 티스 일회용 코튼 드라이 닦아내기.jpg","./img_files_in_coupang_baby_title/product_detail/물티슈/건티슈/no_brand/토울렛 메이크업 닦아내기 코튼 드라이 닦아내기 7.87"" X 7.87"" 100시트 소프트 코튼 티스 일회용 코튼 드라이 닦아내기/토울렛 메이크업 닦아내기 코튼 드라이 닦아내기 7.87"" X 7.87"" 100시트 소프트 코튼 티스 일회용 코튼 드라이 닦아내기_0.jpg,./img_files_in_coupang_baby_title/product_detail/물티슈/건티슈/no_brand/토울렛 메이크업 닦아내기 코튼 드라이 닦아내기 7.87"" X 7.87"" 100시트 소프트 코튼 티스 일회용 코튼 드라이 닦아내기/토울렛 메이크업 닦아내기 코튼 드라이 닦아내기 7.87"" X 7.87"" 100시트 소프트 코튼 티스 일회용 코튼 드라이 닦아내기_1.jpg",https://www.coupang.com/vp/products/4343794661?itemId=5087930675&vendorItemId=72397550089&sourceType=CATEGORY&categoryId=485881
10,11,,베이비 머슬린 워시클러츠 프리미엄 내추럴 코튼 페이스 클로즈 섬세한 피부 보이즈 또는 걸스 멀티컬러 코튼 페이스 타월,no_brand,,,,,,단일옵션,"18,800원",2021-01-13 15:55:36.922452,,,,./img_files_in_coupang_baby_title/product/물티슈/건티슈/no_brand/베이비 머슬린 워시클러츠 프리미엄 내추럴 코튼 페이스 클로즈 섬세한 피부 보이즈 또는 걸스 멀티컬러 코튼 페이스 타월.jpg,"./img_files_in_coupang_baby_title/product_detail/물티슈/건티슈/no_brand/베이비 머슬린 워시클러츠 프리미엄 내추럴 코튼 페이스 클로즈 섬세한 피부 보이즈 또는 걸스 멀티컬러 코튼 페이스 타월/베이비 머슬린 워시클러츠 프리미엄 내추럴 코튼 페이스 클로즈 섬세한 피부 보이즈 또는 걸스 멀티컬러 코튼 페이스 타월_0.jpg,./img_files_in_coupang_baby_title/product_detail/물티슈/건티슈/no_brand/베이비 머슬린 워시클러츠 프리미엄 내추럴 코튼 페이스 클로즈 섬세한 피부 보이즈 또는 걸스 멀티컬러 코튼 페이스 타월/베이비 머슬린 워시클러츠 프리미엄 내추럴 코튼 페이스 클로즈 섬세한 피부 보이즈 또는 걸스 멀티컬러 코튼 페이스 타월_1.jpg",https://www.coupang.com/vp/products/4343794445?itemId=5087929883&vendorItemId=72397549923&sourceType=CATEGORY&categoryId=485881
11,12,,일회용 면 수건 민감성 피부를 위한 소프 페이셜 면 수건 세탁 가능한 메이크업 리무버 수건 자연 안면 클렌징 수건: 뷰티,no_brand,,,,,,단일옵션,"16,800원",2021-01-13 15:55:52.476551,,,,./img_files_in_coupang_baby_title/product/물티슈/건티슈/no_brand/일회용 면 수건 민감성 피부를 위한 소프 페이셜 면 수건 세탁 가능한 메이크업 리무버 수건 자연 안면 클렌징 수건: 뷰티.jpg,"./img_files_in_coupang_baby_title/product_detail/물티슈/건티슈/no_brand/일회용 면 수건 민감성 피부를 위한 소프 페이셜 면 수건 세탁 가능한 메이크업 리무버 수건 자연 안면 클렌징 수건: 뷰티/일회용 면 수건 민감성 피부를 위한 소프 페이셜 면 수건 세탁 가능한 메이크업 리무버 수건 자연 안면 클렌징 수건: 뷰티_0.jpg,./img_files_in_coupang_baby_title/product_detail/물티슈/건티슈/no_brand/일회용 면 수건 민감성 피부를 위한 소프 페이셜 면 수건 세탁 가능한 메이크업 리무버 수건 자연 안면 클렌징 수건: 뷰티/일회용 면 수건 민감성 피부를 위한 소프 페이셜 면 수건 세탁 가능한 메이크업 리무버 수건 자연 안면 클렌징 수건: 뷰티_1.jpg",https://www.coupang.com/vp/products/4343794381?itemId=5087929672&vendorItemId=72397549755&sourceType=CATEGORY&categoryId=485881
12,13,,일회용 면 타월 소프트 퓨어 코튼 페이셜 티스 린트프리 두툼한 클렌징 클로즈 80카운트,no_brand,,,,,,단일옵션,"22,700원",2021-01-13 15:56:07.974317,,,,./img_files_in_coupang_baby_title/product/물티슈/건티슈/no_brand/일회용 면 타월 소프트 퓨어 코튼 페이셜 티스 린트프리 두툼한 클렌징 클로즈 80카운트.jpg,"./img_files_in_coupang_baby_title/product_detail/물티슈/건티슈/no_brand/일회용 면 타월 소프트 퓨어 코튼 페이셜 티스 린트프리 두툼한 클렌징 클로즈 80카운트/일회용 면 타월 소프트 퓨어 코튼 페이셜 티스 린트프리 두툼한 클렌징 클로즈 80카운트_0.jpg,./img_files_in_coupang_baby_title/product_detail/물티슈/건티슈/no_brand/일회용 면 타월 소프트 퓨어 코튼 페이셜 티스 린트프리 두툼한 클렌징 클로즈 80카운트/일회용 면 타월 소프트 퓨어 코튼 페이셜 티스 린트프리 두툼한 클렌징 클로즈 80카운트_1.jpg",https://www.coupang.com/vp/products/4343794557?itemId=5087930442&vendorItemId=72397549758&sourceType=CATEGORY&categoryId=485881
13,14,,Conkote Soft Dry Wipes 코튼 100% 피부를 위한 무향 페이셜 코튼 티스 180 카운트(어소트먼트 팩):,no_brand,,,,,,단일옵션,"24,700원",2021-01-13 15:56:23.456691,,,,./img_files_in_coupang_baby_title/product/물티슈/건티슈/no_brand/Conkote Soft Dry Wipes 코튼 100% 피부를 위한 무향 페이셜 코튼 티스 180 카운트(어소트먼트 팩):.jpg,"./img_files_in_coupang_baby_title/product_detail/물티슈/건티슈/no_brand/Conkote Soft Dry Wipes 코튼 100% 피부를 위한 무향 페이셜 코튼 티스 180 카운트(어소트먼트 팩):/Conkote Soft Dry Wipes 코튼 100% 피부를 위한 무향 페이셜 코튼 티스 180 카운트(어소트먼트 팩):_0.jpg,./img_files_in_coupang_baby_title/product_detail/물티슈/건티슈/no_brand/Conkote Soft Dry Wipes 코튼 100% 피부를 위한 무향 페이셜 코튼 티스 180 카운트(어소트먼트 팩):/Conkote Soft Dry Wipes 코튼 100% 피부를 위한 무향 페이셜 코튼 티스 180 카운트(어소트먼트 팩):_1.jpg",https://www.coupang.com/vp/products/4343795026?itemId=5087931604&vendorItemId=72397549842&sourceType=CATEGORY&categoryId=485881
14,15,,민감성 피부를 위한 QTMY 일회용 페이스 타월 부드러운 코튼 패드 100% 드라이 베이비 물티슈 페이셜 코튼 티슈 드라이 앤,no_brand,,,,,,단일옵션,"74,200원",2021-01-13 15:56:39.113275,,,,./img_files_in_coupang_baby_title/product/물티슈/건티슈/no_brand/민감성 피부를 위한 QTMY 일회용 페이스 타월 부드러운 코튼 패드 100% 드라이 베이비 물티슈 페이셜 코튼 티슈 드라이 앤.jpg,"./img_files_in_coupang_baby_title/product_detail/물티슈/건티슈/no_brand/민감성 피부를 위한 QTMY 일회용 페이스 타월 부드러운 코튼 패드 100% 드라이 베이비 물티슈 페이셜 코튼 티슈 드라이 앤/민감성 피부를 위한 QTMY 일회용 페이스 타월 부드러운 코튼 패드 100% 드라이 베이비 물티슈 페이셜 코튼 티슈 드라이 앤_0.jpg,./img_files_in_coupang_baby_title/product_detail/물티슈/건티슈/no_brand/민감성 피부를 위한 QTMY 일회용 페이스 타월 부드러운 코튼 패드 100% 드라이 베이비 물티슈 페이셜 코튼 티슈 드라이 앤/민감성 피부를 위한 QTMY 일회용 페이스 타월 부드러운 코튼 패드 100% 드라이 베이비 물티슈 페이셜 코튼 티슈 드라이 앤_1.jpg",https://www.coupang.com/vp/products/4343794411?itemId=5087929822&vendorItemId=72397549846&sourceType=CATEGORY&categoryId=485881
15,16,,Conkote Soft Dry Wipes 코튼 100% 피부를 위한 무향 페이셜 코튼 티스 600 카운트: Health &amp. Personal Care,no_brand,,,,,,단일옵션,"60,400원",2021-01-13 15:56:54.427573,,,,./img_files_in_coupang_baby_title/product/물티슈/건티슈/no_brand/Conkote Soft Dry Wipes 코튼 100% 피부를 위한 무향 페이셜 코튼 티스 600 카운트: Health &amp. Personal Care.jpg,"./img_files_in_coupang_baby_title/product_detail/물티슈/건티슈/no_brand/Conkote Soft Dry Wipes 코튼 100% 피부를 위한 무향 페이셜 코튼 티스 600 카운트: Health &amp. Personal Care/Conkote Soft Dry Wipes 코튼 100% 피부를 위한 무향 페이셜 코튼 티스 600 카운트: Health &amp. Personal Care_0.jpg,./img_files_in_coupang_baby_title/product_detail/물티슈/건티슈/no_brand/Conkote Soft Dry Wipes 코튼 100% 피부를 위한 무향 페이셜 코튼 티스 600 카운트: Health &amp. Personal Care/Conkote Soft Dry Wipes 코튼 100% 피부를 위한 무향 페이셜 코튼 티스 600 카운트: Health &amp. Personal Care_1.jpg",https://www.coupang.com/vp/products/4343794305?itemId=5087929396&vendorItemId=72397549522&sourceType=CATEGORY&categoryId=485881
16,17,,아마존 브랜드 - 솔리모 코튼 반지 100ct(6팩):,no_brand,,,,,,단일옵션,"28,100원",2021-01-13 15:57:09.913548,,,,./img_files_in_coupang_baby_title/product/물티슈/건티슈/no_brand/아마존 브랜드 - 솔리모 코튼 반지 100ct(6팩):.jpg,"./img_files_in_coupang_baby_title/product_detail/물티슈/건티슈/no_brand/아마존 브랜드 - 솔리모 코튼 반지 100ct(6팩):/아마존 브랜드 - 솔리모 코튼 반지 100ct(6팩):_0.jpg,./img_files_in_coupang_baby_title/product_detail/물티슈/건티슈/no_brand/아마존 브랜드 - 솔리모 코튼 반지 100ct(6팩):/아마존 브랜드 - 솔리모 코튼 반지 100ct(6팩):_1.jpg",https://www.coupang.com/vp/products/4343794303?itemId=5087929390&vendorItemId=72397549230&sourceType=CATEGORY&categoryId=485881
17,18,,칸두의 아기 어린이용 수분이 많은 물티슈프 민감성 피부를 위한 무향 저자극 포티 트레이닝 물티 클렌징 클로즈 250카운,no_brand,,,,,,단일옵션,"83,700원",2021-01-13 15:57:25.137770,,,,./img_files_in_coupang_baby_title/product/물티슈/건티슈/no_brand/칸두의 아기 어린이용 수분이 많은 물티슈프 민감성 피부를 위한 무향 저자극 포티 트레이닝 물티 클렌징 클로즈 250카운.jpg,"./img_files_in_coupang_baby_title/product_detail/물티슈/건티슈/no_brand/칸두의 아기 어린이용 수분이 많은 물티슈프 민감성 피부를 위한 무향 저자극 포티 트레이닝 물티 클렌징 클로즈 250카운/칸두의 아기 어린이용 수분이 많은 물티슈프 민감성 피부를 위한 무향 저자극 포티 트레이닝 물티 클렌징 클로즈 250카운_0.jpg,./img_files_in_coupang_baby_title/product_detail/물티슈/건티슈/no_brand/칸두의 아기 어린이용 수분이 많은 물티슈프 민감성 피부를 위한 무향 저자극 포티 트레이닝 물티 클렌징 클로즈 250카운/칸두의 아기 어린이용 수분이 많은 물티슈프 민감성 피부를 위한 무향 저자극 포티 트레이닝 물티 클렌징 클로즈 250카운_1.jpg",https://www.coupang.com/vp/products/4343795208?itemId=5087932421&vendorItemId=72397549556&sourceType=CATEGORY&categoryId=485881
18,19,,페이셜 코튼 티슈 코튼 소프트 타월 100% 내추럴 코튼 다목적 클렌징 페이스 타월 리무버블 페이스 타월 Wipes Dry Wet Amphib,no_brand,,,,,,단일옵션,"46,500원",2021-01-13 15:57:40.549663,,,,./img_files_in_coupang_baby_title/product/물티슈/건티슈/no_brand/페이셜 코튼 티슈 코튼 소프트 타월 100% 내추럴 코튼 다목적 클렌징 페이스 타월 리무버블 페이스 타월 Wipes Dry Wet Amphib.jpg,"./img_files_in_coupang_baby_title/product_detail/물티슈/건티슈/no_brand/페이셜 코튼 티슈 코튼 소프트 타월 100% 내추럴 코튼 다목적 클렌징 페이스 타월 리무버블 페이스 타월 Wipes Dry Wet Amphib/페이셜 코튼 티슈 코튼 소프트 타월 100% 내추럴 코튼 다목적 클렌징 페이스 타월 리무버블 페이스 타월 Wipes Dry Wet Amphib_0.jpg,./img_files_in_coupang_baby_title/product_detail/물티슈/건티슈/no_brand/페이셜 코튼 티슈 코튼 소프트 타월 100% 내추럴 코튼 다목적 클렌징 페이스 타월 리무버블 페이스 타월 Wipes Dry Wet Amphib/페이셜 코튼 티슈 코튼 소프트 타월 100% 내추럴 코튼 다목적 클렌징 페이스 타월 리무버블 페이스 타월 Wipes Dry Wet Amphib_1.jpg",https://www.coupang.com/vp/products/4343794014?itemId=5087928453&vendorItemId=72397548896&sourceType=CATEGORY&categoryId=485881
19,20,,건성피부용 MsFun Face Towel - 메이크업 지우개용 페이셜 Wowel - 얼굴용 80Ct.롤 - 면 100% 코튼 워시클러즈 - 일회용 생분,no_brand,,,,,,단일옵션,"22,800원",2021-01-13 15:57:55.858803,,,,./img_files_in_coupang_baby_title/product/물티슈/건티슈/no_brand/건성피부용 MsFun Face Towel - 메이크업 지우개용 페이셜 Wowel - 얼굴용 80Ct.롤 - 면 100% 코튼 워시클러즈 - 일회용 생분.jpg,"./img_files_in_coupang_baby_title/product_detail/물티슈/건티슈/no_brand/건성피부용 MsFun Face Towel - 메이크업 지우개용 페이셜 Wowel - 얼굴용 80Ct.롤 - 면 100% 코튼 워시클러즈 - 일회용 생분/건성피부용 MsFun Face Towel - 메이크업 지우개용 페이셜 Wowel - 얼굴용 80Ct.롤 - 면 100% 코튼 워시클러즈 - 일회용 생분_0.jpg,./img_files_in_coupang_baby_title/product_detail/물티슈/건티슈/no_brand/건성피부용 MsFun Face Towel - 메이크업 지우개용 페이셜 Wowel - 얼굴용 80Ct.롤 - 면 100% 코튼 워시클러즈 - 일회용 생분/건성피부용 MsFun Face Towel - 메이크업 지우개용 페이셜 Wowel - 얼굴용 80Ct.롤 - 면 100% 코튼 워시클러즈 - 일회용 생분_1.jpg",https://www.coupang.com/vp/products/4343793994?itemId=5087928390&vendorItemId=72397548885&sourceType=CATEGORY&categoryId=485881
20,21,,뉴트로지나 메이크업 리무버 클렌징 페이스 Wipes 워터프루프 메이크업과 마스카라 무알코올 밸류 트윈팩 25카운트 2팩:,no_brand,,,,,,단일옵션,"22,700원",2021-01-13 15:58:11.305290,,,,./img_files_in_coupang_baby_title/product/물티슈/건티슈/no_brand/뉴트로지나 메이크업 리무버 클렌징 페이스 Wipes 워터프루프 메이크업과 마스카라 무알코올 밸류 트윈팩 25카운트 2팩:.jpg,"./img_files_in_coupang_baby_title/product_detail/물티슈/건티슈/no_brand/뉴트로지나 메이크업 리무버 클렌징 페이스 Wipes 워터프루프 메이크업과 마스카라 무알코올 밸류 트윈팩 25카운트 2팩:/뉴트로지나 메이크업 리무버 클렌징 페이스 Wipes 워터프루프 메이크업과 마스카라 무알코올 밸류 트윈팩 25카운트 2팩:_0.jpg,./img_files_in_coupang_baby_title/product_detail/물티슈/건티슈/no_brand/뉴트로지나 메이크업 리무버 클렌징 페이스 Wipes 워터프루프 메이크업과 마스카라 무알코올 밸류 트윈팩 25카운트 2팩:/뉴트로지나 메이크업 리무버 클렌징 페이스 Wipes 워터프루프 메이크업과 마스카라 무알코올 밸류 트윈팩 25카운트 2팩:_1.jpg",https://www.coupang.com/vp/products/4343794290?itemId=5087929354&vendorItemId=72397548849&sourceType=CATEGORY&categoryId=485881
21,22,,Care Touch Lens Cleaning Wipes 210 Pre-Moistated and Indrivate Waper Lens Cleaning Wipes for Eyeglass Tablets Camera,no_brand,,,,,,단일옵션,"28,600원",2021-01-13 15:58:26.585856,,,,./img_files_in_coupang_baby_title/product/물티슈/건티슈/no_brand/Care Touch Lens Cleaning Wipes 210 Pre-Moistated and Indrivate Waper Lens Cleaning Wipes for Eyeglass Tablets Camera.jpg,"./img_files_in_coupang_baby_title/product_detail/물티슈/건티슈/no_brand/Care Touch Lens Cleaning Wipes 210 Pre-Moistated and Indrivate Waper Lens Cleaning Wipes for Eyeglass Tablets Camera/Care Touch Lens Cleaning Wipes 210 Pre-Moistated and Indrivate Waper Lens Cleaning Wipes for Eyeglass Tablets Camera_0.jpg,./img_files_in_coupang_baby_title/product_detail/물티슈/건티슈/no_brand/Care Touch Lens Cleaning Wipes 210 Pre-Moistated and Indrivate Waper Lens Cleaning Wipes for Eyeglass Tablets Camera/Care Touch Lens Cleaning Wipes 210 Pre-Moistated and Indrivate Waper Lens Cleaning Wipes for Eyeglass Tablets Camera_1.jpg",https://www.coupang.com/vp/products/4343794415?itemId=5087929827&vendorItemId=72397548791&sourceType=CATEGORY&categoryId=485881
22,23,,칸두의 아기 및 어린이용 수세성 물티슈프 민감성 피부용 무향 저자극 포티 트레이닝 습식 클렌징 클로즈 42 카운트 12의,no_brand,,,,,,단일옵션,"40,400원",2021-01-13 15:58:41.904747,,,,./img_files_in_coupang_baby_title/product/물티슈/건티슈/no_brand/칸두의 아기 및 어린이용 수세성 물티슈프 민감성 피부용 무향 저자극 포티 트레이닝 습식 클렌징 클로즈 42 카운트 12의.jpg,"./img_files_in_coupang_baby_title/product_detail/물티슈/건티슈/no_brand/칸두의 아기 및 어린이용 수세성 물티슈프 민감성 피부용 무향 저자극 포티 트레이닝 습식 클렌징 클로즈 42 카운트 12의/칸두의 아기 및 어린이용 수세성 물티슈프 민감성 피부용 무향 저자극 포티 트레이닝 습식 클렌징 클로즈 42 카운트 12의_0.jpg,./img_files_in_coupang_baby_title/product_detail/물티슈/건티슈/no_brand/칸두의 아기 및 어린이용 수세성 물티슈프 민감성 피부용 무향 저자극 포티 트레이닝 습식 클렌징 클로즈 42 카운트 12의/칸두의 아기 및 어린이용 수세성 물티슈프 민감성 피부용 무향 저자극 포티 트레이닝 습식 클렌징 클로즈 42 카운트 12의_1.jpg",https://www.coupang.com/vp/products/4343794010?itemId=5087928443&vendorItemId=72397548840&sourceType=CATEGORY&categoryId=485881
23,24,,아미슬리 코튼 페이스 타월 울트라 소프트 린트가 없는 페이셜 코튼 티슈 민감성 피부를 위한 일회용 60Pcs 일회용 물티슈,no_brand,,,,,,단일옵션,"24,700원",2021-01-13 15:58:57.197351,,,,./img_files_in_coupang_baby_title/product/물티슈/건티슈/no_brand/아미슬리 코튼 페이스 타월 울트라 소프트 린트가 없는 페이셜 코튼 티슈 민감성 피부를 위한 일회용 60Pcs 일회용 물티슈.jpg,"./img_files_in_coupang_baby_title/product_detail/물티슈/건티슈/no_brand/아미슬리 코튼 페이스 타월 울트라 소프트 린트가 없는 페이셜 코튼 티슈 민감성 피부를 위한 일회용 60Pcs 일회용 물티슈/아미슬리 코튼 페이스 타월 울트라 소프트 린트가 없는 페이셜 코튼 티슈 민감성 피부를 위한 일회용 60Pcs 일회용 물티슈_0.jpg,./img_files_in_coupang_baby_title/product_detail/물티슈/건티슈/no_brand/아미슬리 코튼 페이스 타월 울트라 소프트 린트가 없는 페이셜 코튼 티슈 민감성 피부를 위한 일회용 60Pcs 일회용 물티슈/아미슬리 코튼 페이스 타월 울트라 소프트 린트가 없는 페이셜 코튼 티슈 민감성 피부를 위한 일회용 60Pcs 일회용 물티슈_1.jpg",https://www.coupang.com/vp/products/4343794115?itemId=5087928908&vendorItemId=72397548878&sourceType=CATEGORY&categoryId=485881
24,25,,코튼 페이셜 티슈 100% 소프트 재사용 가능한 코튼 패드 린트프리 베이비 드라이 립스 메이크업 티슈: 오피스 제품,no_brand,,,,,,단일옵션,"18,800원",2021-01-13 15:59:12.752967,,,,./img_files_in_coupang_baby_title/product/물티슈/건티슈/no_brand/코튼 페이셜 티슈 100% 소프트 재사용 가능한 코튼 패드 린트프리 베이비 드라이 립스 메이크업 티슈: 오피스 제품.jpg,"./img_files_in_coupang_baby_title/product_detail/물티슈/건티슈/no_brand/코튼 페이셜 티슈 100% 소프트 재사용 가능한 코튼 패드 린트프리 베이비 드라이 립스 메이크업 티슈: 오피스 제품/코튼 페이셜 티슈 100% 소프트 재사용 가능한 코튼 패드 린트프리 베이비 드라이 립스 메이크업 티슈: 오피스 제품_0.jpg,./img_files_in_coupang_baby_title/product_detail/물티슈/건티슈/no_brand/코튼 페이셜 티슈 100% 소프트 재사용 가능한 코튼 패드 린트프리 베이비 드라이 립스 메이크업 티슈: 오피스 제품/코튼 페이셜 티슈 100% 소프트 재사용 가능한 코튼 패드 린트프리 베이비 드라이 립스 메이크업 티슈: 오피스 제품_1.jpg",https://www.coupang.com/vp/products/4343795201?itemId=5087932390&vendorItemId=72397548542&sourceType=CATEGORY&categoryId=485881
25,26,,실리안 코튼 드라이위프 엑스트라 소프트 엑스트라 틱 민감성 피부를 위한 일회용 페이스 티슈 베이비 워시클러즈 클렌징,no_brand,,,,,,단일옵션,"24,700원",2021-01-13 15:59:28.095714,,,,./img_files_in_coupang_baby_title/product/물티슈/건티슈/no_brand/실리안 코튼 드라이위프 엑스트라 소프트 엑스트라 틱 민감성 피부를 위한 일회용 페이스 티슈 베이비 워시클러즈 클렌징.jpg,"./img_files_in_coupang_baby_title/product_detail/물티슈/건티슈/no_brand/실리안 코튼 드라이위프 엑스트라 소프트 엑스트라 틱 민감성 피부를 위한 일회용 페이스 티슈 베이비 워시클러즈 클렌징/실리안 코튼 드라이위프 엑스트라 소프트 엑스트라 틱 민감성 피부를 위한 일회용 페이스 티슈 베이비 워시클러즈 클렌징_0.jpg,./img_files_in_coupang_baby_title/product_detail/물티슈/건티슈/no_brand/실리안 코튼 드라이위프 엑스트라 소프트 엑스트라 틱 민감성 피부를 위한 일회용 페이스 티슈 베이비 워시클러즈 클렌징/실리안 코튼 드라이위프 엑스트라 소프트 엑스트라 틱 민감성 피부를 위한 일회용 페이스 티슈 베이비 워시클러즈 클렌징_1.jpg",https://www.coupang.com/vp/products/4343793878?itemId=5087927936&vendorItemId=72397548450&sourceType=CATEGORY&categoryId=485881
26,27,,"HOONEX 울트라소프트 드라이 베이비 Wipes 100% 퓨어 코튼 민감성 피부를 위한 페이셜 티슈 라지 코튼 패드 7.87"" x 7.87""",no_brand,,,,,,단일옵션,"34,600원",2021-01-13 15:59:43.534271,,,,"./img_files_in_coupang_baby_title/product/물티슈/건티슈/no_brand/HOONEX 울트라소프트 드라이 베이비 Wipes 100% 퓨어 코튼 민감성 피부를 위한 페이셜 티슈 라지 코튼 패드 7.87"" x 7.87"".jpg","./img_files_in_coupang_baby_title/product_detail/물티슈/건티슈/no_brand/HOONEX 울트라소프트 드라이 베이비 Wipes 100% 퓨어 코튼 민감성 피부를 위한 페이셜 티슈 라지 코튼 패드 7.87"" x 7.87""/HOONEX 울트라소프트 드라이 베이비 Wipes 100% 퓨어 코튼 민감성 피부를 위한 페이셜 티슈 라지 코튼 패드 7.87"" x 7.87""_0.jpg,./img_files_in_coupang_baby_title/product_detail/물티슈/건티슈/no_brand/HOONEX 울트라소프트 드라이 베이비 Wipes 100% 퓨어 코튼 민감성 피부를 위한 페이셜 티슈 라지 코튼 패드 7.87"" x 7.87""/HOONEX 울트라소프트 드라이 베이비 Wipes 100% 퓨어 코튼 민감성 피부를 위한 페이셜 티슈 라지 코튼 패드 7.87"" x 7.87""_1.jpg",https://www.coupang.com/vp/products/4343793945?itemId=5087928208&vendorItemId=72397548566&sourceType=CATEGORY&categoryId=485881
27,28,,베이비 페이셜 코튼 티슈 600 카운트 베이비 드라이 와이프 민감성 피부를 위한 USA 내추럴 코튼으로 제작된 소프트 드라이,no_brand,,,,,,단일옵션,"44,500원",2021-01-13 15:59:58.944404,,,,./img_files_in_coupang_baby_title/product/물티슈/건티슈/no_brand/베이비 페이셜 코튼 티슈 600 카운트 베이비 드라이 와이프 민감성 피부를 위한 USA 내추럴 코튼으로 제작된 소프트 드라이.jpg,"./img_files_in_coupang_baby_title/product_detail/물티슈/건티슈/no_brand/베이비 페이셜 코튼 티슈 600 카운트 베이비 드라이 와이프 민감성 피부를 위한 USA 내추럴 코튼으로 제작된 소프트 드라이/베이비 페이셜 코튼 티슈 600 카운트 베이비 드라이 와이프 민감성 피부를 위한 USA 내추럴 코튼으로 제작된 소프트 드라이_0.jpg,./img_files_in_coupang_baby_title/product_detail/물티슈/건티슈/no_brand/베이비 페이셜 코튼 티슈 600 카운트 베이비 드라이 와이프 민감성 피부를 위한 USA 내추럴 코튼으로 제작된 소프트 드라이/베이비 페이셜 코튼 티슈 600 카운트 베이비 드라이 와이프 민감성 피부를 위한 USA 내추럴 코튼으로 제작된 소프트 드라이_1.jpg",https://www.coupang.com/vp/products/4343794845?itemId=5087931070&vendorItemId=72397548266&sourceType=CATEGORY&categoryId=485881
28,29,,4백 320pcs 로미미유 코튼 티슈 페이퍼 타월 베이비 케어 코튼 티슈 페이셜 드라이 립스 페이셜 티슈 메이크업 리무빌 베이비,no_brand,,,,,,단일옵션,"34,600원",2021-01-13 16:00:14.547020,,,,./img_files_in_coupang_baby_title/product/물티슈/건티슈/no_brand/4백 320pcs 로미미유 코튼 티슈 페이퍼 타월 베이비 케어 코튼 티슈 페이셜 드라이 립스 페이셜 티슈 메이크업 리무빌 베이비.jpg,"./img_files_in_coupang_baby_title/product_detail/물티슈/건티슈/no_brand/4백 320pcs 로미미유 코튼 티슈 페이퍼 타월 베이비 케어 코튼 티슈 페이셜 드라이 립스 페이셜 티슈 메이크업 리무빌 베이비/4백 320pcs 로미미유 코튼 티슈 페이퍼 타월 베이비 케어 코튼 티슈 페이셜 드라이 립스 페이셜 티슈 메이크업 리무빌 베이비_0.jpg,./img_files_in_coupang_baby_title/product_detail/물티슈/건티슈/no_brand/4백 320pcs 로미미유 코튼 티슈 페이퍼 타월 베이비 케어 코튼 티슈 페이셜 드라이 립스 페이셜 티슈 메이크업 리무빌 베이비/4백 320pcs 로미미유 코튼 티슈 페이퍼 타월 베이비 케어 코튼 티슈 페이셜 드라이 립스 페이셜 티슈 메이크업 리무빌 베이비_1.jpg",https://www.coupang.com/vp/products/4343793649?itemId=5087927370&vendorItemId=72397548128&sourceType=CATEGORY&categoryId=485881
29,30,,DAIYASHI 소프트 드라이 립 오가닉 코튼 페이셜 티슈 천연 고시피움 전용으로 제작 베이비 센슈티브 스킨케어 및 제거 페이,no_brand,,,,,,단일옵션,"36,600원",2021-01-13 16:00:30.019166,,,,./img_files_in_coupang_baby_title/product/물티슈/건티슈/no_brand/DAIYASHI 소프트 드라이 립 오가닉 코튼 페이셜 티슈 천연 고시피움 전용으로 제작 베이비 센슈티브 스킨케어 및 제거 페이.jpg,"./img_files_in_coupang_baby_title/product_detail/물티슈/건티슈/no_brand/DAIYASHI 소프트 드라이 립 오가닉 코튼 페이셜 티슈 천연 고시피움 전용으로 제작 베이비 센슈티브 스킨케어 및 제거 페이/DAIYASHI 소프트 드라이 립 오가닉 코튼 페이셜 티슈 천연 고시피움 전용으로 제작 베이비 센슈티브 스킨케어 및 제거 페이_0.jpg,./img_files_in_coupang_baby_title/product_detail/물티슈/건티슈/no_brand/DAIYASHI 소프트 드라이 립 오가닉 코튼 페이셜 티슈 천연 고시피움 전용으로 제작 베이비 센슈티브 스킨케어 및 제거 페이/DAIYASHI 소프트 드라이 립 오가닉 코튼 페이셜 티슈 천연 고시피움 전용으로 제작 베이비 센슈티브 스킨케어 및 제거 페이_1.jpg",https://www.coupang.com/vp/products/4343793970?itemId=5087928332&vendorItemId=72397548115&sourceType=CATEGORY&categoryId=485881
30,31,,안면 클렌징과 베이비 케어를 위한 KOOBA 소프트 드라이 립스 코튼 티스 민감성 피부를 위한 뷰티 코튼 타월 일회용 옷 저자,no_brand,,,,,,단일옵션,"18,600원",2021-01-13 16:00:45.661360,,,,./img_files_in_coupang_baby_title/product/물티슈/건티슈/no_brand/안면 클렌징과 베이비 케어를 위한 KOOBA 소프트 드라이 립스 코튼 티스 민감성 피부를 위한 뷰티 코튼 타월 일회용 옷 저자.jpg,"./img_files_in_coupang_baby_title/product_detail/물티슈/건티슈/no_brand/안면 클렌징과 베이비 케어를 위한 KOOBA 소프트 드라이 립스 코튼 티스 민감성 피부를 위한 뷰티 코튼 타월 일회용 옷 저자/안면 클렌징과 베이비 케어를 위한 KOOBA 소프트 드라이 립스 코튼 티스 민감성 피부를 위한 뷰티 코튼 타월 일회용 옷 저자_0.jpg,./img_files_in_coupang_baby_title/product_detail/물티슈/건티슈/no_brand/안면 클렌징과 베이비 케어를 위한 KOOBA 소프트 드라이 립스 코튼 티스 민감성 피부를 위한 뷰티 코튼 타월 일회용 옷 저자/안면 클렌징과 베이비 케어를 위한 KOOBA 소프트 드라이 립스 코튼 티스 민감성 피부를 위한 뷰티 코튼 타월 일회용 옷 저자_1.jpg",https://www.coupang.com/vp/products/4343793921?itemId=5087928067&vendorItemId=72397548218&sourceType=CATEGORY&categoryId=485881
31,32,,민감성 피부를 위한 케어보어 울트라 소프트 드라이 베이비 물티슈 무향 다목적 퓨어 코튼 티슈 300 카운트,no_brand,,,,,,단일옵션,"56,400원",2021-01-13 16:01:01.199187,,,,./img_files_in_coupang_baby_title/product/물티슈/건티슈/no_brand/민감성 피부를 위한 케어보어 울트라 소프트 드라이 베이비 물티슈 무향 다목적 퓨어 코튼 티슈 300 카운트.jpg,"./img_files_in_coupang_baby_title/product_detail/물티슈/건티슈/no_brand/민감성 피부를 위한 케어보어 울트라 소프트 드라이 베이비 물티슈 무향 다목적 퓨어 코튼 티슈 300 카운트/민감성 피부를 위한 케어보어 울트라 소프트 드라이 베이비 물티슈 무향 다목적 퓨어 코튼 티슈 300 카운트_0.jpg,./img_files_in_coupang_baby_title/product_detail/물티슈/건티슈/no_brand/민감성 피부를 위한 케어보어 울트라 소프트 드라이 베이비 물티슈 무향 다목적 퓨어 코튼 티슈 300 카운트/민감성 피부를 위한 케어보어 울트라 소프트 드라이 베이비 물티슈 무향 다목적 퓨어 코튼 티슈 300 카운트_1.jpg",https://www.coupang.com/vp/products/4343793496?itemId=5087926902&vendorItemId=72397547548&sourceType=CATEGORY&categoryId=485881
32,33,,루치나 베이비 페이셜 코튼 티슈 민감성 피부를 위한 USA 내추럴 코튼으로 제작된 600 카운트 베이비 드라이 닦아스 소프트,no_brand,,,,,,단일옵션,"64,300원",2021-01-13 16:01:16.778072,,,,./img_files_in_coupang_baby_title/product/물티슈/건티슈/no_brand/루치나 베이비 페이셜 코튼 티슈 민감성 피부를 위한 USA 내추럴 코튼으로 제작된 600 카운트 베이비 드라이 닦아스 소프트.jpg,"./img_files_in_coupang_baby_title/product_detail/물티슈/건티슈/no_brand/루치나 베이비 페이셜 코튼 티슈 민감성 피부를 위한 USA 내추럴 코튼으로 제작된 600 카운트 베이비 드라이 닦아스 소프트/루치나 베이비 페이셜 코튼 티슈 민감성 피부를 위한 USA 내추럴 코튼으로 제작된 600 카운트 베이비 드라이 닦아스 소프트_0.jpg,./img_files_in_coupang_baby_title/product_detail/물티슈/건티슈/no_brand/루치나 베이비 페이셜 코튼 티슈 민감성 피부를 위한 USA 내추럴 코튼으로 제작된 600 카운트 베이비 드라이 닦아스 소프트/루치나 베이비 페이셜 코튼 티슈 민감성 피부를 위한 USA 내추럴 코튼으로 제작된 600 카운트 베이비 드라이 닦아스 소프트_1.jpg",https://www.coupang.com/vp/products/4343793563?itemId=5087927099&vendorItemId=72397547251&sourceType=CATEGORY&categoryId=485881
33,34,,"베이비 및 성인용 일회용 드라이클리프 300 카운트(10팩) - 울트라 소프트 코튼 티슈 워시클러치 - 7"" x 13"" 트래블 사이즈 -",no_brand,,,,,,단일옵션,"98,000원",2021-01-13 16:01:32.631797,,,,"./img_files_in_coupang_baby_title/product/물티슈/건티슈/no_brand/베이비 및 성인용 일회용 드라이클리프 300 카운트(10팩) - 울트라 소프트 코튼 티슈 워시클러치 - 7"" x 13"" 트래블 사이즈 -.jpg","./img_files_in_coupang_baby_title/product_detail/물티슈/건티슈/no_brand/베이비 및 성인용 일회용 드라이클리프 300 카운트(10팩) - 울트라 소프트 코튼 티슈 워시클러치 - 7"" x 13"" 트래블 사이즈 -/베이비 및 성인용 일회용 드라이클리프 300 카운트(10팩) - 울트라 소프트 코튼 티슈 워시클러치 - 7"" x 13"" 트래블 사이즈 -_0.jpg,./img_files_in_coupang_baby_title/product_detail/물티슈/건티슈/no_brand/베이비 및 성인용 일회용 드라이클리프 300 카운트(10팩) - 울트라 소프트 코튼 티슈 워시클러치 - 7"" x 13"" 트래블 사이즈 -/베이비 및 성인용 일회용 드라이클리프 300 카운트(10팩) - 울트라 소프트 코튼 티슈 워시클러치 - 7"" x 13"" 트래블 사이즈 -_1.jpg",https://www.coupang.com/vp/products/4343793991?itemId=5087928381&vendorItemId=72397547469&sourceType=CATEGORY&categoryId=485881
34,35,,라밀라 200카운트 코튼 페이셜 티슈 100% 소프트 재사용 가능한 코튼 티슈 린트프리 베이비 Dry Wipes 메이크업 티슈 : 사무,no_brand,,,,,,단일옵션,"30,700원",2021-01-13 16:01:47.982615,,,,./img_files_in_coupang_baby_title/product/물티슈/건티슈/no_brand/라밀라 200카운트 코튼 페이셜 티슈 100% 소프트 재사용 가능한 코튼 티슈 린트프리 베이비 Dry Wipes 메이크업 티슈 : 사무.jpg,"./img_files_in_coupang_baby_title/product_detail/물티슈/건티슈/no_brand/라밀라 200카운트 코튼 페이셜 티슈 100% 소프트 재사용 가능한 코튼 티슈 린트프리 베이비 Dry Wipes 메이크업 티슈 : 사무/라밀라 200카운트 코튼 페이셜 티슈 100% 소프트 재사용 가능한 코튼 티슈 린트프리 베이비 Dry Wipes 메이크업 티슈 : 사무_0.jpg,./img_files_in_coupang_baby_title/product_detail/물티슈/건티슈/no_brand/라밀라 200카운트 코튼 페이셜 티슈 100% 소프트 재사용 가능한 코튼 티슈 린트프리 베이비 Dry Wipes 메이크업 티슈 : 사무/라밀라 200카운트 코튼 페이셜 티슈 100% 소프트 재사용 가능한 코튼 티슈 린트프리 베이비 Dry Wipes 메이크업 티슈 : 사무_1.jpg",https://www.coupang.com/vp/products/4343793750?itemId=5087927538&vendorItemId=72397546996&sourceType=CATEGORY&categoryId=485881
35,36,,건조하고 젖은 일회용 스킨케어 페이셜 코튼 티슈 엑스트라 두께의 소프트 드라이 립 민감성 피부를 위한 클렌징 페이스 타,no_brand,,,,,,단일옵션,"20,800원",2021-01-13 16:02:03.577284,,,,./img_files_in_coupang_baby_title/product/물티슈/건티슈/no_brand/건조하고 젖은 일회용 스킨케어 페이셜 코튼 티슈 엑스트라 두께의 소프트 드라이 립 민감성 피부를 위한 클렌징 페이스 타.jpg,"./img_files_in_coupang_baby_title/product_detail/물티슈/건티슈/no_brand/건조하고 젖은 일회용 스킨케어 페이셜 코튼 티슈 엑스트라 두께의 소프트 드라이 립 민감성 피부를 위한 클렌징 페이스 타/건조하고 젖은 일회용 스킨케어 페이셜 코튼 티슈 엑스트라 두께의 소프트 드라이 립 민감성 피부를 위한 클렌징 페이스 타_0.jpg,./img_files_in_coupang_baby_title/product_detail/물티슈/건티슈/no_brand/건조하고 젖은 일회용 스킨케어 페이셜 코튼 티슈 엑스트라 두께의 소프트 드라이 립 민감성 피부를 위한 클렌징 페이스 타/건조하고 젖은 일회용 스킨케어 페이셜 코튼 티슈 엑스트라 두께의 소프트 드라이 립 민감성 피부를 위한 클렌징 페이스 타_1.jpg",https://www.coupang.com/vp/products/4343793277?itemId=5087926199&vendorItemId=72397546928&sourceType=CATEGORY&categoryId=485881
36,37,,울트라 소프트와 두툼한 드라이 립 6팩 민감성 피부를 위한 100% 코튼 타월 페이스 클렌징 메이크업 리무빙 표면 클렌징,no_brand,,,,,,단일옵션,"40,600원",2021-01-13 16:02:19.056207,,,,./img_files_in_coupang_baby_title/product/물티슈/건티슈/no_brand/울트라 소프트와 두툼한 드라이 립 6팩 민감성 피부를 위한 100% 코튼 타월 페이스 클렌징 메이크업 리무빙 표면 클렌징.jpg,"./img_files_in_coupang_baby_title/product_detail/물티슈/건티슈/no_brand/울트라 소프트와 두툼한 드라이 립 6팩 민감성 피부를 위한 100% 코튼 타월 페이스 클렌징 메이크업 리무빙 표면 클렌징/울트라 소프트와 두툼한 드라이 립 6팩 민감성 피부를 위한 100% 코튼 타월 페이스 클렌징 메이크업 리무빙 표면 클렌징_0.jpg,./img_files_in_coupang_baby_title/product_detail/물티슈/건티슈/no_brand/울트라 소프트와 두툼한 드라이 립 6팩 민감성 피부를 위한 100% 코튼 타월 페이스 클렌징 메이크업 리무빙 표면 클렌징/울트라 소프트와 두툼한 드라이 립 6팩 민감성 피부를 위한 100% 코튼 타월 페이스 클렌징 메이크업 리무빙 표면 클렌징_1.jpg",https://www.coupang.com/vp/products/4343793477?itemId=5087926876&vendorItemId=72397547061&sourceType=CATEGORY&categoryId=485881
37,38,,공장직배송 롱크린 다목적 건티슈 6kg 공공기관 전용,no_brand,,,,,,,"42,900원",2021-01-13 16:02:34.549757,,,,./img_files_in_coupang_baby_title/product/물티슈/건티슈/no_brand/공장직배송 롱크린 다목적 건티슈 6kg 공공기관 전용.jpg,"./img_files_in_coupang_baby_title/product_detail/물티슈/건티슈/no_brand/공장직배송 롱크린 다목적 건티슈 6kg 공공기관 전용/공장직배송 롱크린 다목적 건티슈 6kg 공공기관 전용_0.jpg,./img_files_in_coupang_baby_title/product_detail/물티슈/건티슈/no_brand/공장직배송 롱크린 다목적 건티슈 6kg 공공기관 전용/공장직배송 롱크린 다목적 건티슈 6kg 공공기관 전용_1.jpg,./img_files_in_coupang_baby_title/product_detail/물티슈/건티슈/no_brand/공장직배송 롱크린 다목적 건티슈 6kg 공공기관 전용/공장직배송 롱크린 다목적 건티슈 6kg 공공기관 전용_2.jpg,./img_files_in_coupang_baby_title/product_detail/물티슈/건티슈/no_brand/공장직배송 롱크린 다목적 건티슈 6kg 공공기관 전용/공장직배송 롱크린 다목적 건티슈 6kg 공공기관 전용_3.jpg,./img_files_in_coupang_baby_title/product_detail/물티슈/건티슈/no_brand/공장직배송 롱크린 다목적 건티슈 6kg 공공기관 전용/공장직배송 롱크린 다목적 건티슈 6kg 공공기관 전용_4.jpg,./img_files_in_coupang_baby_title/product_detail/물티슈/건티슈/no_brand/공장직배송 롱크린 다목적 건티슈 6kg 공공기관 전용/공장직배송 롱크린 다목적 건티슈 6kg 공공기관 전용_5.jpg,./img_files_in_coupang_baby_title/product_detail/물티슈/건티슈/no_brand/공장직배송 롱크린 다목적 건티슈 6kg 공공기관 전용/공장직배송 롱크린 다목적 건티슈 6kg 공공기관 전용_6.jpg,./img_files_in_coupang_baby_title/product_detail/물티슈/건티슈/no_brand/공장직배송 롱크린 다목적 건티슈 6kg 공공기관 전용/공장직배송 롱크린 다목적 건티슈 6kg 공공기관 전용_7.jpg,./img_files_in_coupang_baby_title/product_detail/물티슈/건티슈/no_brand/공장직배송 롱크린 다목적 건티슈 6kg 공공기관 전용/공장직배송 롱크린 다목적 건티슈 6kg 공공기관 전용_8.jpg,./img_files_in_coupang_baby_title/product_detail/물티슈/건티슈/no_brand/공장직배송 롱크린 다목적 건티슈 6kg 공공기관 전용/공장직배송 롱크린 다목적 건티슈 6kg 공공기관 전용_9.jpg,./img_files_in_coupang_baby_title/product_detail/물티슈/건티슈/no_brand/공장직배송 롱크린 다목적 건티슈 6kg 공공기관 전용/공장직배송 롱크린 다목적 건티슈 6kg 공공기관 전용_10.jpg,./img_files_in_coupang_baby_title/product_detail/물티슈/건티슈/no_brand/공장직배송 롱크린 다목적 건티슈 6kg 공공기관 전용/공장직배송 롱크린 다목적 건티슈 6kg 공공기관 전용_11.jpg,./img_files_in_coupang_baby_title/product_detail/물티슈/건티슈/no_brand/공장직배송 롱크린 다목적 건티슈 6kg 공공기관 전용/공장직배송 롱크린 다목적 건티슈 6kg 공공기관 전용_12.jpg",https://www.coupang.com/vp/products/2198288447?itemId=3739888854&vendorItemId=72092945917&sourceType=CATEGORY&categoryId=485881
38,39,,이드베베 천연 기능성 네이처거즈 텐셀 일회용 손수건,no_brand,,,,174g,,5장 × 1팩,"5,000원",2021-01-13 16:03:02.926490,,,,./img_files_in_coupang_baby_title/product/물티슈/건티슈/no_brand/이드베베 천연 기능성 네이처거즈 텐셀 일회용 손수건.png,"./img_files_in_coupang_baby_title/product_detail/물티슈/건티슈/no_brand/이드베베 천연 기능성 네이처거즈 텐셀 일회용 손수건/이드베베 천연 기능성 네이처거즈 텐셀 일회용 손수건_0.jpg,./img_files_in_coupang_baby_title/product_detail/물티슈/건티슈/no_brand/이드베베 천연 기능성 네이처거즈 텐셀 일회용 손수건/이드베베 천연 기능성 네이처거즈 텐셀 일회용 손수건_1.jpg,./img_files_in_coupang_baby_title/product_detail/물티슈/건티슈/no_brand/이드베베 천연 기능성 네이처거즈 텐셀 일회용 손수건/이드베베 천연 기능성 네이처거즈 텐셀 일회용 손수건_2.jpg,./img_files_in_coupang_baby_title/product_detail/물티슈/건티슈/no_brand/이드베베 천연 기능성 네이처거즈 텐셀 일회용 손수건/이드베베 천연 기능성 네이처거즈 텐셀 일회용 손수건_3.jpg,./img_files_in_coupang_baby_title/product_detail/물티슈/건티슈/no_brand/이드베베 천연 기능성 네이처거즈 텐셀 일회용 손수건/이드베베 천연 기능성 네이처거즈 텐셀 일회용 손수건_4.jpg,./img_files_in_coupang_baby_title/product_detail/물티슈/건티슈/no_brand/이드베베 천연 기능성 네이처거즈 텐셀 일회용 손수건/이드베베 천연 기능성 네이처거즈 텐셀 일회용 손수건_5.jpg,./img_files_in_coupang_baby_title/product_detail/물티슈/건티슈/no_brand/이드베베 천연 기능성 네이처거즈 텐셀 일회용 손수건/이드베베 천연 기능성 네이처거즈 텐셀 일회용 손수건_6.jpg,./img_files_in_coupang_baby_title/product_detail/물티슈/건티슈/no_brand/이드베베 천연 기능성 네이처거즈 텐셀 일회용 손수건/이드베베 천연 기능성 네이처거즈 텐셀 일회용 손수건_7.jpg,./img_files_in_coupang_baby_title/product_detail/물티슈/건티슈/no_brand/이드베베 천연 기능성 네이처거즈 텐셀 일회용 손수건/이드베베 천연 기능성 네이처거즈 텐셀 일회용 손수건_8.jpg,./img_files_in_coupang_baby_title/product_detail/물티슈/건티슈/no_brand/이드베베 천연 기능성 네이처거즈 텐셀 일회용 손수건/이드베베 천연 기능성 네이처거즈 텐셀 일회용 손수건_9.jpg,./img_files_in_coupang_baby_title/product_detail/물티슈/건티슈/no_brand/이드베베 천연 기능성 네이처거즈 텐셀 일회용 손수건/이드베베 천연 기능성 네이처거즈 텐셀 일회용 손수건_10.jpg,./img_files_in_coupang_baby_title/product_detail/물티슈/건티슈/no_brand/이드베베 천연 기능성 네이처거즈 텐셀 일회용 손수건/이드베베 천연 기능성 네이처거즈 텐셀 일회용 손수건_11.jpg",https://www.coupang.com/vp/products/1077343230?itemId=2028136866&vendorItemId=70027658787&sourceType=CATEGORY&categoryId=485881
39,40,,[2박스] 물따로 신생아물티슈 베이직 캡형+리필형 (40매12+12세트),물따로,,,,,". 오리지날 건티슈 : 200x170mm(40매) . 베이직 건티슈 : 200x160mm(40매) . 이코노미 건티슈 : 200x160mm(40매) . 오리지날 휴대용 건티슈 : 200x170mm(12매) . 이코노미 휴대용 건티슈 : 200x160mm(15매) . 물따로초순수 : (캡형/리필형 :250ml , 휴대용:75ml)",40매,"44,200원",2021-01-13 16:03:30.318889,,정제수(초순수),,./img_files_in_coupang_baby_title/product/물티슈/건티슈/물따로/[2박스] 물따로 신생아물티슈 베이직 캡형+리필형 (40매12+12세트).jpg,"./img_files_in_coupang_baby_title/product_detail/물티슈/건티슈/물따로/[2박스] 물따로 신생아물티슈 베이직 캡형+리필형 (40매12+12세트)/[2박스] 물따로 신생아물티슈 베이직 캡형+리필형 (40매12+12세트)_0.jpg,./img_files_in_coupang_baby_title/product_detail/물티슈/건티슈/물따로/[2박스] 물따로 신생아물티슈 베이직 캡형+리필형 (40매12+12세트)/[2박스] 물따로 신생아물티슈 베이직 캡형+리필형 (40매12+12세트)_1.jpg,./img_files_in_coupang_baby_title/product_detail/물티슈/건티슈/물따로/[2박스] 물따로 신생아물티슈 베이직 캡형+리필형 (40매12+12세트)/[2박스] 물따로 신생아물티슈 베이직 캡형+리필형 (40매12+12세트)_2.jpg,./img_files_in_coupang_baby_title/product_detail/물티슈/건티슈/물따로/[2박스] 물따로 신생아물티슈 베이직 캡형+리필형 (40매12+12세트)/[2박스] 물따로 신생아물티슈 베이직 캡형+리필형 (40매12+12세트)_3.jpg,./img_files_in_coupang_baby_title/product_detail/물티슈/건티슈/물따로/[2박스] 물따로 신생아물티슈 베이직 캡형+리필형 (40매12+12세트)/[2박스] 물따로 신생아물티슈 베이직 캡형+리필형 (40매12+12세트)_4.jpg,./img_files_in_coupang_baby_title/product_detail/물티슈/건티슈/물따로/[2박스] 물따로 신생아물티슈 베이직 캡형+리필형 (40매12+12세트)/[2박스] 물따로 신생아물티슈 베이직 캡형+리필형 (40매12+12세트)_5.jpg,./img_files_in_coupang_baby_title/product_detail/물티슈/건티슈/물따로/[2박스] 물따로 신생아물티슈 베이직 캡형+리필형 (40매12+12세트)/[2박스] 물따로 신생아물티슈 베이직 캡형+리필형 (40매12+12세트)_6.jpg,./img_files_in_coupang_baby_title/product_detail/물티슈/건티슈/물따로/[2박스] 물따로 신생아물티슈 베이직 캡형+리필형 (40매12+12세트)/[2박스] 물따로 신생아물티슈 베이직 캡형+리필형 (40매12+12세트)_7.jpg,./img_files_in_coupang_baby_title/product_detail/물티슈/건티슈/물따로/[2박스] 물따로 신생아물티슈 베이직 캡형+리필형 (40매12+12세트)/[2박스] 물따로 신생아물티슈 베이직 캡형+리필형 (40매12+12세트)_8.jpg,./img_files_in_coupang_baby_title/product_detail/물티슈/건티슈/물따로/[2박스] 물따로 신생아물티슈 베이직 캡형+리필형 (40매12+12세트)/[2박스] 물따로 신생아물티슈 베이직 캡형+리필형 (40매12+12세트)_9.jpg,./img_files_in_coupang_baby_title/product_detail/물티슈/건티슈/물따로/[2박스] 물따로 신생아물티슈 베이직 캡형+리필형 (40매12+12세트)/[2박스] 물따로 신생아물티슈 베이직 캡형+리필형 (40매12+12세트)_10.jpg,./img_files_in_coupang_baby_title/product_detail/물티슈/건티슈/물따로/[2박스] 물따로 신생아물티슈 베이직 캡형+리필형 (40매12+12세트)/[2박스] 물따로 신생아물티슈 베이직 캡형+리필형 (40매12+12세트)_11.jpg,./img_files_in_coupang_baby_title/product_detail/물티슈/건티슈/물따로/[2박스] 물따로 신생아물티슈 베이직 캡형+리필형 (40매12+12세트)/[2박스] 물따로 신생아물티슈 베이직 캡형+리필형 (40매12+12세트)_12.jpg,./img_files_in_coupang_baby_title/product_detail/물티슈/건티슈/물따로/[2박스] 물따로 신생아물티슈 베이직 캡형+리필형 (40매12+12세트)/[2박스] 물따로 신생아물티슈 베이직 캡형+리필형 (40매12+12세트)_13.jpg,./img_files_in_coupang_baby_title/product_detail/물티슈/건티슈/물따로/[2박스] 물따로 신생아물티슈 베이직 캡형+리필형 (40매12+12세트)/[2박스] 물따로 신생아물티슈 베이직 캡형+리필형 (40매12+12세트)_14.jpg,./img_files_in_coupang_baby_title/product_detail/물티슈/건티슈/물따로/[2박스] 물따로 신생아물티슈 베이직 캡형+리필형 (40매12+12세트)/[2박스] 물따로 신생아물티슈 베이직 캡형+리필형 (40매12+12세트)_15.jpg,./img_files_in_coupang_baby_title/product_detail/물티슈/건티슈/물따로/[2박스] 물따로 신생아물티슈 베이직 캡형+리필형 (40매12+12세트)/[2박스] 물따로 신생아물티슈 베이직 캡형+리필형 (40매12+12세트)_16.jpg,./img_files_in_coupang_baby_title/product_detail/물티슈/건티슈/물따로/[2박스] 물따로 신생아물티슈 베이직 캡형+리필형 (40매12+12세트)/[2박스] 물따로 신생아물티슈 베이직 캡형+리필형 (40매12+12세트)_17.jpg,./img_files_in_coupang_baby_title/product_detail/물티슈/건티슈/물따로/[2박스] 물따로 신생아물티슈 베이직 캡형+리필형 (40매12+12세트)/[2박스] 물따로 신생아물티슈 베이직 캡형+리필형 (40매12+12세트)_18.jpg,./img_files_in_coupang_baby_title/product_detail/물티슈/건티슈/물따로/[2박스] 물따로 신생아물티슈 베이직 캡형+리필형 (40매12+12세트)/[2박스] 물따로 신생아물티슈 베이직 캡형+리필형 (40매12+12세트)_19.png,./img_files_in_coupang_baby_title/product_detail/물티슈/건티슈/물따로/[2박스] 물따로 신생아물티슈 베이직 캡형+리필형 (40매12+12세트)/[2박스] 물따로 신생아물티슈 베이직 캡형+리필형 (40매12+12세트)_20.jpg,./img_files_in_coupang_baby_title/product_detail/물티슈/건티슈/물따로/[2박스] 물따로 신생아물티슈 베이직 캡형+리필형 (40매12+12세트)/[2박스] 물따로 신생아물티슈 베이직 캡형+리필형 (40매12+12세트)_21.png,./img_files_in_coupang_baby_title/product_detail/물티슈/건티슈/물따로/[2박스] 물따로 신생아물티슈 베이직 캡형+리필형 (40매12+12세트)/[2박스] 물따로 신생아물티슈 베이직 캡형+리필형 (40매12+12세트)_22.jpg,./img_files_in_coupang_baby_title/product_detail/물티슈/건티슈/물따로/[2박스] 물따로 신생아물티슈 베이직 캡형+리필형 (40매12+12세트)/[2박스] 물따로 신생아물티슈 베이직 캡형+리필형 (40매12+12세트)_23.jpg,./img_files_in_coupang_baby_title/product_detail/물티슈/건티슈/물따로/[2박스] 물따로 신생아물티슈 베이직 캡형+리필형 (40매12+12세트)/[2박스] 물따로 신생아물티슈 베이직 캡형+리필형 (40매12+12세트)_24.jpg,./img_files_in_coupang_baby_title/product_detail/물티슈/건티슈/물따로/[2박스] 물따로 신생아물티슈 베이직 캡형+리필형 (40매12+12세트)/[2박스] 물따로 신생아물티슈 베이직 캡형+리필형 (40매12+12세트)_25.jpg,./img_files_in_coupang_baby_title/product_detail/물티슈/건티슈/물따로/[2박스] 물따로 신생아물티슈 베이직 캡형+리필형 (40매12+12세트)/[2박스] 물따로 신생아물티슈 베이직 캡형+리필형 (40매12+12세트)_26.jpg",https://www.coupang.com/vp/products/10006907?itemId=44188683&vendorItemId=3069091907&sourceType=CATEGORY&categoryId=485881
40,41,,[2박스] 물따로 신생아물티슈 오리지날 캡형+리필형 (40매12+12세트),물따로,,,,,". 오리지날 건티슈 : 200x170mm(40매) . 베이직 건티슈 : 200x160mm(40매) . 이코노미 건티슈 : 200x160mm(40매) . 오리지날 휴대용 건티슈 : 200x170mm(12매) . 이코노미 휴대용 건티슈 : 200x160mm(15매) . 물따로초순수 : (캡형/리필형 :250ml , 휴대용:75ml)",40매,"52,300원",2021-01-13 16:04:13.356148,,정제수(초순수),,./img_files_in_coupang_baby_title/product/물티슈/건티슈/물따로/[2박스] 물따로 신생아물티슈 오리지날 캡형+리필형 (40매12+12세트).jpg,"./img_files_in_coupang_baby_title/product_detail/물티슈/건티슈/물따로/[2박스] 물따로 신생아물티슈 오리지날 캡형+리필형 (40매12+12세트)/[2박스] 물따로 신생아물티슈 오리지날 캡형+리필형 (40매12+12세트)_0.jpg,./img_files_in_coupang_baby_title/product_detail/물티슈/건티슈/물따로/[2박스] 물따로 신생아물티슈 오리지날 캡형+리필형 (40매12+12세트)/[2박스] 물따로 신생아물티슈 오리지날 캡형+리필형 (40매12+12세트)_1.jpg,./img_files_in_coupang_baby_title/product_detail/물티슈/건티슈/물따로/[2박스] 물따로 신생아물티슈 오리지날 캡형+리필형 (40매12+12세트)/[2박스] 물따로 신생아물티슈 오리지날 캡형+리필형 (40매12+12세트)_2.jpg,./img_files_in_coupang_baby_title/product_detail/물티슈/건티슈/물따로/[2박스] 물따로 신생아물티슈 오리지날 캡형+리필형 (40매12+12세트)/[2박스] 물따로 신생아물티슈 오리지날 캡형+리필형 (40매12+12세트)_3.jpg,./img_files_in_coupang_baby_title/product_detail/물티슈/건티슈/물따로/[2박스] 물따로 신생아물티슈 오리지날 캡형+리필형 (40매12+12세트)/[2박스] 물따로 신생아물티슈 오리지날 캡형+리필형 (40매12+12세트)_4.jpg,./img_files_in_coupang_baby_title/product_detail/물티슈/건티슈/물따로/[2박스] 물따로 신생아물티슈 오리지날 캡형+리필형 (40매12+12세트)/[2박스] 물따로 신생아물티슈 오리지날 캡형+리필형 (40매12+12세트)_5.jpg,./img_files_in_coupang_baby_title/product_detail/물티슈/건티슈/물따로/[2박스] 물따로 신생아물티슈 오리지날 캡형+리필형 (40매12+12세트)/[2박스] 물따로 신생아물티슈 오리지날 캡형+리필형 (40매12+12세트)_6.jpg,./img_files_in_coupang_baby_title/product_detail/물티슈/건티슈/물따로/[2박스] 물따로 신생아물티슈 오리지날 캡형+리필형 (40매12+12세트)/[2박스] 물따로 신생아물티슈 오리지날 캡형+리필형 (40매12+12세트)_7.jpg,./img_files_in_coupang_baby_title/product_detail/물티슈/건티슈/물따로/[2박스] 물따로 신생아물티슈 오리지날 캡형+리필형 (40매12+12세트)/[2박스] 물따로 신생아물티슈 오리지날 캡형+리필형 (40매12+12세트)_8.jpg,./img_files_in_coupang_baby_title/product_detail/물티슈/건티슈/물따로/[2박스] 물따로 신생아물티슈 오리지날 캡형+리필형 (40매12+12세트)/[2박스] 물따로 신생아물티슈 오리지날 캡형+리필형 (40매12+12세트)_9.jpg,./img_files_in_coupang_baby_title/product_detail/물티슈/건티슈/물따로/[2박스] 물따로 신생아물티슈 오리지날 캡형+리필형 (40매12+12세트)/[2박스] 물따로 신생아물티슈 오리지날 캡형+리필형 (40매12+12세트)_10.jpg,./img_files_in_coupang_baby_title/product_detail/물티슈/건티슈/물따로/[2박스] 물따로 신생아물티슈 오리지날 캡형+리필형 (40매12+12세트)/[2박스] 물따로 신생아물티슈 오리지날 캡형+리필형 (40매12+12세트)_11.jpg,./img_files_in_coupang_baby_title/product_detail/물티슈/건티슈/물따로/[2박스] 물따로 신생아물티슈 오리지날 캡형+리필형 (40매12+12세트)/[2박스] 물따로 신생아물티슈 오리지날 캡형+리필형 (40매12+12세트)_12.jpg,./img_files_in_coupang_baby_title/product_detail/물티슈/건티슈/물따로/[2박스] 물따로 신생아물티슈 오리지날 캡형+리필형 (40매12+12세트)/[2박스] 물따로 신생아물티슈 오리지날 캡형+리필형 (40매12+12세트)_13.jpg,./img_files_in_coupang_baby_title/product_detail/물티슈/건티슈/물따로/[2박스] 물따로 신생아물티슈 오리지날 캡형+리필형 (40매12+12세트)/[2박스] 물따로 신생아물티슈 오리지날 캡형+리필형 (40매12+12세트)_14.jpg,./img_files_in_coupang_baby_title/product_detail/물티슈/건티슈/물따로/[2박스] 물따로 신생아물티슈 오리지날 캡형+리필형 (40매12+12세트)/[2박스] 물따로 신생아물티슈 오리지날 캡형+리필형 (40매12+12세트)_15.jpg,./img_files_in_coupang_baby_title/product_detail/물티슈/건티슈/물따로/[2박스] 물따로 신생아물티슈 오리지날 캡형+리필형 (40매12+12세트)/[2박스] 물따로 신생아물티슈 오리지날 캡형+리필형 (40매12+12세트)_16.jpg,./img_files_in_coupang_baby_title/product_detail/물티슈/건티슈/물따로/[2박스] 물따로 신생아물티슈 오리지날 캡형+리필형 (40매12+12세트)/[2박스] 물따로 신생아물티슈 오리지날 캡형+리필형 (40매12+12세트)_17.jpg,./img_files_in_coupang_baby_title/product_detail/물티슈/건티슈/물따로/[2박스] 물따로 신생아물티슈 오리지날 캡형+리필형 (40매12+12세트)/[2박스] 물따로 신생아물티슈 오리지날 캡형+리필형 (40매12+12세트)_18.jpg,./img_files_in_coupang_baby_title/product_detail/물티슈/건티슈/물따로/[2박스] 물따로 신생아물티슈 오리지날 캡형+리필형 (40매12+12세트)/[2박스] 물따로 신생아물티슈 오리지날 캡형+리필형 (40매12+12세트)_19.png,./img_files_in_coupang_baby_title/product_detail/물티슈/건티슈/물따로/[2박스] 물따로 신생아물티슈 오리지날 캡형+리필형 (40매12+12세트)/[2박스] 물따로 신생아물티슈 오리지날 캡형+리필형 (40매12+12세트)_20.jpg,./img_files_in_coupang_baby_title/product_detail/물티슈/건티슈/물따로/[2박스] 물따로 신생아물티슈 오리지날 캡형+리필형 (40매12+12세트)/[2박스] 물따로 신생아물티슈 오리지날 캡형+리필형 (40매12+12세트)_21.png,./img_files_in_coupang_baby_title/product_detail/물티슈/건티슈/물따로/[2박스] 물따로 신생아물티슈 오리지날 캡형+리필형 (40매12+12세트)/[2박스] 물따로 신생아물티슈 오리지날 캡형+리필형 (40매12+12세트)_22.jpg,./img_files_in_coupang_baby_title/product_detail/물티슈/건티슈/물따로/[2박스] 물따로 신생아물티슈 오리지날 캡형+리필형 (40매12+12세트)/[2박스] 물따로 신생아물티슈 오리지날 캡형+리필형 (40매12+12세트)_23.jpg,./img_files_in_coupang_baby_title/product_detail/물티슈/건티슈/물따로/[2박스] 물따로 신생아물티슈 오리지날 캡형+리필형 (40매12+12세트)/[2박스] 물따로 신생아물티슈 오리지날 캡형+리필형 (40매12+12세트)_24.jpg,./img_files_in_coupang_baby_title/product_detail/물티슈/건티슈/물따로/[2박스] 물따로 신생아물티슈 오리지날 캡형+리필형 (40매12+12세트)/[2박스] 물따로 신생아물티슈 오리지날 캡형+리필형 (40매12+12세트)_25.jpg,./img_files_in_coupang_baby_title/product_detail/물티슈/건티슈/물따로/[2박스] 물따로 신생아물티슈 오리지날 캡형+리필형 (40매12+12세트)/[2박스] 물따로 신생아물티슈 오리지날 캡형+리필형 (40매12+12세트)_26.jpg",https://www.coupang.com/vp/products/10006927?itemId=44188734&vendorItemId=3069092018&sourceType=CATEGORY&categoryId=485881
41,42,,[2박스] 물따로 신생아물티슈 이코노미 캡형+리필형 (40매12+12세트),물따로,,,,,". 오리지날 건티슈 : 200x170mm(40매) . 베이직 건티슈 : 200x160mm(40매) . 이코노미 건티슈 : 200x160mm(40매) . 오리지날 휴대용 건티슈 : 200x170mm(12매) . 이코노미 휴대용 건티슈 : 200x160mm(15매) . 물따로초순수 : (캡형/리필형 :250ml , 휴대용:75ml)",40매,"39,400원",2021-01-13 16:04:58.523930,,정제수(초순수),,./img_files_in_coupang_baby_title/product/물티슈/건티슈/물따로/[2박스] 물따로 신생아물티슈 이코노미 캡형+리필형 (40매12+12세트).jpg,"./img_files_in_coupang_baby_title/product_detail/물티슈/건티슈/물따로/[2박스] 물따로 신생아물티슈 이코노미 캡형+리필형 (40매12+12세트)/[2박스] 물따로 신생아물티슈 이코노미 캡형+리필형 (40매12+12세트)_0.jpg,./img_files_in_coupang_baby_title/product_detail/물티슈/건티슈/물따로/[2박스] 물따로 신생아물티슈 이코노미 캡형+리필형 (40매12+12세트)/[2박스] 물따로 신생아물티슈 이코노미 캡형+리필형 (40매12+12세트)_1.jpg,./img_files_in_coupang_baby_title/product_detail/물티슈/건티슈/물따로/[2박스] 물따로 신생아물티슈 이코노미 캡형+리필형 (40매12+12세트)/[2박스] 물따로 신생아물티슈 이코노미 캡형+리필형 (40매12+12세트)_2.jpg,./img_files_in_coupang_baby_title/product_detail/물티슈/건티슈/물따로/[2박스] 물따로 신생아물티슈 이코노미 캡형+리필형 (40매12+12세트)/[2박스] 물따로 신생아물티슈 이코노미 캡형+리필형 (40매12+12세트)_3.jpg,./img_files_in_coupang_baby_title/product_detail/물티슈/건티슈/물따로/[2박스] 물따로 신생아물티슈 이코노미 캡형+리필형 (40매12+12세트)/[2박스] 물따로 신생아물티슈 이코노미 캡형+리필형 (40매12+12세트)_4.jpg,./img_files_in_coupang_baby_title/product_detail/물티슈/건티슈/물따로/[2박스] 물따로 신생아물티슈 이코노미 캡형+리필형 (40매12+12세트)/[2박스] 물따로 신생아물티슈 이코노미 캡형+리필형 (40매12+12세트)_5.jpg,./img_files_in_coupang_baby_title/product_detail/물티슈/건티슈/물따로/[2박스] 물따로 신생아물티슈 이코노미 캡형+리필형 (40매12+12세트)/[2박스] 물따로 신생아물티슈 이코노미 캡형+리필형 (40매12+12세트)_6.jpg,./img_files_in_coupang_baby_title/product_detail/물티슈/건티슈/물따로/[2박스] 물따로 신생아물티슈 이코노미 캡형+리필형 (40매12+12세트)/[2박스] 물따로 신생아물티슈 이코노미 캡형+리필형 (40매12+12세트)_7.jpg,./img_files_in_coupang_baby_title/product_detail/물티슈/건티슈/물따로/[2박스] 물따로 신생아물티슈 이코노미 캡형+리필형 (40매12+12세트)/[2박스] 물따로 신생아물티슈 이코노미 캡형+리필형 (40매12+12세트)_8.jpg,./img_files_in_coupang_baby_title/product_detail/물티슈/건티슈/물따로/[2박스] 물따로 신생아물티슈 이코노미 캡형+리필형 (40매12+12세트)/[2박스] 물따로 신생아물티슈 이코노미 캡형+리필형 (40매12+12세트)_9.jpg,./img_files_in_coupang_baby_title/product_detail/물티슈/건티슈/물따로/[2박스] 물따로 신생아물티슈 이코노미 캡형+리필형 (40매12+12세트)/[2박스] 물따로 신생아물티슈 이코노미 캡형+리필형 (40매12+12세트)_10.jpg,./img_files_in_coupang_baby_title/product_detail/물티슈/건티슈/물따로/[2박스] 물따로 신생아물티슈 이코노미 캡형+리필형 (40매12+12세트)/[2박스] 물따로 신생아물티슈 이코노미 캡형+리필형 (40매12+12세트)_11.jpg,./img_files_in_coupang_baby_title/product_detail/물티슈/건티슈/물따로/[2박스] 물따로 신생아물티슈 이코노미 캡형+리필형 (40매12+12세트)/[2박스] 물따로 신생아물티슈 이코노미 캡형+리필형 (40매12+12세트)_12.jpg,./img_files_in_coupang_baby_title/product_detail/물티슈/건티슈/물따로/[2박스] 물따로 신생아물티슈 이코노미 캡형+리필형 (40매12+12세트)/[2박스] 물따로 신생아물티슈 이코노미 캡형+리필형 (40매12+12세트)_13.jpg,./img_files_in_coupang_baby_title/product_detail/물티슈/건티슈/물따로/[2박스] 물따로 신생아물티슈 이코노미 캡형+리필형 (40매12+12세트)/[2박스] 물따로 신생아물티슈 이코노미 캡형+리필형 (40매12+12세트)_14.jpg,./img_files_in_coupang_baby_title/product_detail/물티슈/건티슈/물따로/[2박스] 물따로 신생아물티슈 이코노미 캡형+리필형 (40매12+12세트)/[2박스] 물따로 신생아물티슈 이코노미 캡형+리필형 (40매12+12세트)_15.jpg,./img_files_in_coupang_baby_title/product_detail/물티슈/건티슈/물따로/[2박스] 물따로 신생아물티슈 이코노미 캡형+리필형 (40매12+12세트)/[2박스] 물따로 신생아물티슈 이코노미 캡형+리필형 (40매12+12세트)_16.jpg,./img_files_in_coupang_baby_title/product_detail/물티슈/건티슈/물따로/[2박스] 물따로 신생아물티슈 이코노미 캡형+리필형 (40매12+12세트)/[2박스] 물따로 신생아물티슈 이코노미 캡형+리필형 (40매12+12세트)_17.jpg,./img_files_in_coupang_baby_title/product_detail/물티슈/건티슈/물따로/[2박스] 물따로 신생아물티슈 이코노미 캡형+리필형 (40매12+12세트)/[2박스] 물따로 신생아물티슈 이코노미 캡형+리필형 (40매12+12세트)_18.jpg,./img_files_in_coupang_baby_title/product_detail/물티슈/건티슈/물따로/[2박스] 물따로 신생아물티슈 이코노미 캡형+리필형 (40매12+12세트)/[2박스] 물따로 신생아물티슈 이코노미 캡형+리필형 (40매12+12세트)_19.png,./img_files_in_coupang_baby_title/product_detail/물티슈/건티슈/물따로/[2박스] 물따로 신생아물티슈 이코노미 캡형+리필형 (40매12+12세트)/[2박스] 물따로 신생아물티슈 이코노미 캡형+리필형 (40매12+12세트)_20.jpg,./img_files_in_coupang_baby_title/product_detail/물티슈/건티슈/물따로/[2박스] 물따로 신생아물티슈 이코노미 캡형+리필형 (40매12+12세트)/[2박스] 물따로 신생아물티슈 이코노미 캡형+리필형 (40매12+12세트)_21.png,./img_files_in_coupang_baby_title/product_detail/물티슈/건티슈/물따로/[2박스] 물따로 신생아물티슈 이코노미 캡형+리필형 (40매12+12세트)/[2박스] 물따로 신생아물티슈 이코노미 캡형+리필형 (40매12+12세트)_22.jpg,./img_files_in_coupang_baby_title/product_detail/물티슈/건티슈/물따로/[2박스] 물따로 신생아물티슈 이코노미 캡형+리필형 (40매12+12세트)/[2박스] 물따로 신생아물티슈 이코노미 캡형+리필형 (40매12+12세트)_23.jpg,./img_files_in_coupang_baby_title/product_detail/물티슈/건티슈/물따로/[2박스] 물따로 신생아물티슈 이코노미 캡형+리필형 (40매12+12세트)/[2박스] 물따로 신생아물티슈 이코노미 캡형+리필형 (40매12+12세트)_24.jpg,./img_files_in_coupang_baby_title/product_detail/물티슈/건티슈/물따로/[2박스] 물따로 신생아물티슈 이코노미 캡형+리필형 (40매12+12세트)/[2박스] 물따로 신생아물티슈 이코노미 캡형+리필형 (40매12+12세트)_25.jpg,./img_files_in_coupang_baby_title/product_detail/물티슈/건티슈/물따로/[2박스] 물따로 신생아물티슈 이코노미 캡형+리필형 (40매12+12세트)/[2박스] 물따로 신생아물티슈 이코노미 캡형+리필형 (40매12+12세트)_26.jpg",https://www.coupang.com/vp/products/10006971?itemId=44188826&vendorItemId=3069091557&sourceType=CATEGORY&categoryId=485881
42,43,,(양심을 파는 양심판촉)6kg 다목적 직송 롱크린 약 대용량 건티슈 부직포 공장 (국내 단하나 vvipgift.net),no_brand,,,,,,,"52,760원",2021-01-13 16:05:43.237046,,,,./img_files_in_coupang_baby_title/product/물티슈/건티슈/no_brand/(양심을 파는 양심판촉)6kg 다목적 직송 롱크린 약 대용량 건티슈 부직포 공장 (국내 단하나 vvipgift.net).png,./img_files_in_coupang_baby_title/product_detail/물티슈/건티슈/no_brand/(양심을 파는 양심판촉)6kg 다목적 직송 롱크린 약 대용량 건티슈 부직포 공장 (국내 단하나 vvipgift.net)/(양심을 파는 양심판촉)6kg 다목적 직송 롱크린 약 대용량 건티슈 부직포 공장 (국내 단하나 vvipgift.net)_0.jpg,https://www.coupang.com/vp/products/2255750751?itemId=3860097513&vendorItemId=71844858843&sourceType=CATEGORY&categoryId=485881
43,44,,말끄미 건티슈 물걸레대용 행주대용 20X29cm 100매,no_brand,,,,,,100매,"7,900원",2021-01-13 16:05:57.610237,,,,./img_files_in_coupang_baby_title/product/물티슈/건티슈/no_brand/말끄미 건티슈 물걸레대용 행주대용 20X29cm 100매.jpg,"./img_files_in_coupang_baby_title/product_detail/물티슈/건티슈/no_brand/말끄미 건티슈 물걸레대용 행주대용 20X29cm 100매/말끄미 건티슈 물걸레대용 행주대용 20X29cm 100매_0.jpg,./img_files_in_coupang_baby_title/product_detail/물티슈/건티슈/no_brand/말끄미 건티슈 물걸레대용 행주대용 20X29cm 100매/말끄미 건티슈 물걸레대용 행주대용 20X29cm 100매_1.jpg,./img_files_in_coupang_baby_title/product_detail/물티슈/건티슈/no_brand/말끄미 건티슈 물걸레대용 행주대용 20X29cm 100매/말끄미 건티슈 물걸레대용 행주대용 20X29cm 100매_2.jpg",https://www.coupang.com/vp/products/2198370453?itemId=3739999313&vendorItemId=71725164813&sourceType=CATEGORY&categoryId=485881
44,45,,이드베베 천연 기능성 네이처거즈 밤부 일회용손수건,no_brand,,,,174g,,5장 × 1팩,"5,000원",2021-01-13 16:06:15.217653,,,,./img_files_in_coupang_baby_title/product/물티슈/건티슈/no_brand/이드베베 천연 기능성 네이처거즈 밤부 일회용손수건.png,"./img_files_in_coupang_baby_title/product_detail/물티슈/건티슈/no_brand/이드베베 천연 기능성 네이처거즈 밤부 일회용손수건/이드베베 천연 기능성 네이처거즈 밤부 일회용손수건_0.jpg,./img_files_in_coupang_baby_title/product_detail/물티슈/건티슈/no_brand/이드베베 천연 기능성 네이처거즈 밤부 일회용손수건/이드베베 천연 기능성 네이처거즈 밤부 일회용손수건_1.jpg,./img_files_in_coupang_baby_title/product_detail/물티슈/건티슈/no_brand/이드베베 천연 기능성 네이처거즈 밤부 일회용손수건/이드베베 천연 기능성 네이처거즈 밤부 일회용손수건_2.jpg,./img_files_in_coupang_baby_title/product_detail/물티슈/건티슈/no_brand/이드베베 천연 기능성 네이처거즈 밤부 일회용손수건/이드베베 천연 기능성 네이처거즈 밤부 일회용손수건_3.jpg,./img_files_in_coupang_baby_title/product_detail/물티슈/건티슈/no_brand/이드베베 천연 기능성 네이처거즈 밤부 일회용손수건/이드베베 천연 기능성 네이처거즈 밤부 일회용손수건_4.jpg,./img_files_in_coupang_baby_title/product_detail/물티슈/건티슈/no_brand/이드베베 천연 기능성 네이처거즈 밤부 일회용손수건/이드베베 천연 기능성 네이처거즈 밤부 일회용손수건_5.jpg,./img_files_in_coupang_baby_title/product_detail/물티슈/건티슈/no_brand/이드베베 천연 기능성 네이처거즈 밤부 일회용손수건/이드베베 천연 기능성 네이처거즈 밤부 일회용손수건_6.jpg,./img_files_in_coupang_baby_title/product_detail/물티슈/건티슈/no_brand/이드베베 천연 기능성 네이처거즈 밤부 일회용손수건/이드베베 천연 기능성 네이처거즈 밤부 일회용손수건_7.jpg,./img_files_in_coupang_baby_title/product_detail/물티슈/건티슈/no_brand/이드베베 천연 기능성 네이처거즈 밤부 일회용손수건/이드베베 천연 기능성 네이처거즈 밤부 일회용손수건_8.jpg,./img_files_in_coupang_baby_title/product_detail/물티슈/건티슈/no_brand/이드베베 천연 기능성 네이처거즈 밤부 일회용손수건/이드베베 천연 기능성 네이처거즈 밤부 일회용손수건_9.jpg,./img_files_in_coupang_baby_title/product_detail/물티슈/건티슈/no_brand/이드베베 천연 기능성 네이처거즈 밤부 일회용손수건/이드베베 천연 기능성 네이처거즈 밤부 일회용손수건_10.jpg,./img_files_in_coupang_baby_title/product_detail/물티슈/건티슈/no_brand/이드베베 천연 기능성 네이처거즈 밤부 일회용손수건/이드베베 천연 기능성 네이처거즈 밤부 일회용손수건_11.jpg,./img_files_in_coupang_baby_title/product_detail/물티슈/건티슈/no_brand/이드베베 천연 기능성 네이처거즈 밤부 일회용손수건/이드베베 천연 기능성 네이처거즈 밤부 일회용손수건_12.jpg",https://www.coupang.com/vp/products/1077300265?itemId=2028077285&vendorItemId=70027603249&sourceType=CATEGORY&categoryId=485881
45,46,,VPZ969819집게핀 아기코끼리 그레이 헤어악세사리 머리정리,no_brand,,,,,,,"5,420원",2021-01-13 16:06:42.642024,,,,./img_files_in_coupang_baby_title/product/물티슈/건티슈/no_brand/VPZ969819집게핀 아기코끼리 그레이 헤어악세사리 머리정리.jpg,,https://www.coupang.com/vp/products/1978191341?itemId=3364936762&vendorItemId=71659007857&sourceType=CATEGORY&categoryId=485881
46,47,,아토티슈 총판 정품 아토티슈플레인 3000매내외 유아건티슈,no_brand,,,,,,3000매,"29,000원",2021-01-13 16:06:55.891244,,,,./img_files_in_coupang_baby_title/product/물티슈/건티슈/no_brand/아토티슈 총판 정품 아토티슈플레인 3000매내외 유아건티슈.jpg,"./img_files_in_coupang_baby_title/product_detail/물티슈/건티슈/no_brand/아토티슈 총판 정품 아토티슈플레인 3000매내외 유아건티슈/아토티슈 총판 정품 아토티슈플레인 3000매내외 유아건티슈_0.jpg,./img_files_in_coupang_baby_title/product_detail/물티슈/건티슈/no_brand/아토티슈 총판 정품 아토티슈플레인 3000매내외 유아건티슈/아토티슈 총판 정품 아토티슈플레인 3000매내외 유아건티슈_1.jpg,./img_files_in_coupang_baby_title/product_detail/물티슈/건티슈/no_brand/아토티슈 총판 정품 아토티슈플레인 3000매내외 유아건티슈/아토티슈 총판 정품 아토티슈플레인 3000매내외 유아건티슈_2.jpg",https://www.coupang.com/vp/products/304813388?itemId=959475259&vendorItemId=5360116740&sourceType=CATEGORY&categoryId=485881
47,48,,아토티슈 총판 엠보싱 1500매내외 유아건티슈,no_brand,,,,,,1500매,"22,500원",2021-01-13 16:07:12.393632,,,,./img_files_in_coupang_baby_title/product/물티슈/건티슈/no_brand/아토티슈 총판 엠보싱 1500매내외 유아건티슈.jpg,"./img_files_in_coupang_baby_title/product_detail/물티슈/건티슈/no_brand/아토티슈 총판 엠보싱 1500매내외 유아건티슈/아토티슈 총판 엠보싱 1500매내외 유아건티슈_0.jpg,./img_files_in_coupang_baby_title/product_detail/물티슈/건티슈/no_brand/아토티슈 총판 엠보싱 1500매내외 유아건티슈/아토티슈 총판 엠보싱 1500매내외 유아건티슈_1.jpg,./img_files_in_coupang_baby_title/product_detail/물티슈/건티슈/no_brand/아토티슈 총판 엠보싱 1500매내외 유아건티슈/아토티슈 총판 엠보싱 1500매내외 유아건티슈_2.jpg,./img_files_in_coupang_baby_title/product_detail/물티슈/건티슈/no_brand/아토티슈 총판 엠보싱 1500매내외 유아건티슈/아토티슈 총판 엠보싱 1500매내외 유아건티슈_3.jpg",https://www.coupang.com/vp/products/304810907?itemId=959465280&vendorItemId=3726826671&sourceType=CATEGORY&categoryId=485881
48,49,,아토티슈 총판 정품 아토티슈플레인 1500매내외 유아건티슈,no_brand,,,,,,1500매,"18,500원",2021-01-13 16:07:30.477185,,,,./img_files_in_coupang_baby_title/product/물티슈/건티슈/no_brand/아토티슈 총판 정품 아토티슈플레인 1500매내외 유아건티슈.jpg,"./img_files_in_coupang_baby_title/product_detail/물티슈/건티슈/no_brand/아토티슈 총판 정품 아토티슈플레인 1500매내외 유아건티슈/아토티슈 총판 정품 아토티슈플레인 1500매내외 유아건티슈_0.jpg,./img_files_in_coupang_baby_title/product_detail/물티슈/건티슈/no_brand/아토티슈 총판 정품 아토티슈플레인 1500매내외 유아건티슈/아토티슈 총판 정품 아토티슈플레인 1500매내외 유아건티슈_1.jpg,./img_files_in_coupang_baby_title/product_detail/물티슈/건티슈/no_brand/아토티슈 총판 정품 아토티슈플레인 1500매내외 유아건티슈/아토티슈 총판 정품 아토티슈플레인 1500매내외 유아건티슈_2.jpg,./img_files_in_coupang_baby_title/product_detail/물티슈/건티슈/no_brand/아토티슈 총판 정품 아토티슈플레인 1500매내외 유아건티슈/아토티슈 총판 정품 아토티슈플레인 1500매내외 유아건티슈_3.jpg",https://www.coupang.com/vp/products/304808785?itemId=959455380&vendorItemId=3726823866&sourceType=CATEGORY&categoryId=485881
49,50,,마더케이 순면 아기 건티슈 10매,no_brand,,,,,,10매,"1,700원",2021-01-13 16:07:49.230236,,,,./img_files_in_coupang_baby_title/product/물티슈/건티슈/no_brand/마더케이 순면 아기 건티슈 10매.jpg,"./img_files_in_coupang_baby_title/product_detail/물티슈/건티슈/no_brand/마더케이 순면 아기 건티슈 10매/마더케이 순면 아기 건티슈 10매_0.jpg,./img_files_in_coupang_baby_title/product_detail/물티슈/건티슈/no_brand/마더케이 순면 아기 건티슈 10매/마더케이 순면 아기 건티슈 10매_1.jpg",https://www.coupang.com/vp/products/1471958778?itemId=2530298372&vendorItemId=70523054949&sourceType=CATEGORY&categoryId=485881
50,51,,마더케이 순면 아기 건티슈 160매 대용량,no_brand,,,,,,160매,"11,700원",2021-01-13 16:08:05.848256,,,,./img_files_in_coupang_baby_title/product/물티슈/건티슈/no_brand/마더케이 순면 아기 건티슈 160매 대용량.jpg,"./img_files_in_coupang_baby_title/product_detail/물티슈/건티슈/no_brand/마더케이 순면 아기 건티슈 160매 대용량/마더케이 순면 아기 건티슈 160매 대용량_0.jpg,./img_files_in_coupang_baby_title/product_detail/물티슈/건티슈/no_brand/마더케이 순면 아기 건티슈 160매 대용량/마더케이 순면 아기 건티슈 160매 대용량_1.jpg",https://www.coupang.com/vp/products/1471917162?itemId=2530229831&vendorItemId=70523006911&sourceType=CATEGORY&categoryId=485881
51,52,,새솜이 목화솜 순면 영유아 건티슈 대용량 1kg,no_brand,,,,,,1개,"23,000원",2021-01-13 16:08:23.092821,,,,./img_files_in_coupang_baby_title/product/물티슈/건티슈/no_brand/새솜이 목화솜 순면 영유아 건티슈 대용량 1kg.jpg,"./img_files_in_coupang_baby_title/product_detail/물티슈/건티슈/no_brand/새솜이 목화솜 순면 영유아 건티슈 대용량 1kg/새솜이 목화솜 순면 영유아 건티슈 대용량 1kg_0.jpg,./img_files_in_coupang_baby_title/product_detail/물티슈/건티슈/no_brand/새솜이 목화솜 순면 영유아 건티슈 대용량 1kg/새솜이 목화솜 순면 영유아 건티슈 대용량 1kg_1.jpg,./img_files_in_coupang_baby_title/product_detail/물티슈/건티슈/no_brand/새솜이 목화솜 순면 영유아 건티슈 대용량 1kg/새솜이 목화솜 순면 영유아 건티슈 대용량 1kg_2.jpg,./img_files_in_coupang_baby_title/product_detail/물티슈/건티슈/no_brand/새솜이 목화솜 순면 영유아 건티슈 대용량 1kg/새솜이 목화솜 순면 영유아 건티슈 대용량 1kg_3.jpg,./img_files_in_coupang_baby_title/product_detail/물티슈/건티슈/no_brand/새솜이 목화솜 순면 영유아 건티슈 대용량 1kg/새솜이 목화솜 순면 영유아 건티슈 대용량 1kg_4.jpg,./img_files_in_coupang_baby_title/product_detail/물티슈/건티슈/no_brand/새솜이 목화솜 순면 영유아 건티슈 대용량 1kg/새솜이 목화솜 순면 영유아 건티슈 대용량 1kg_5.jpg,./img_files_in_coupang_baby_title/product_detail/물티슈/건티슈/no_brand/새솜이 목화솜 순면 영유아 건티슈 대용량 1kg/새솜이 목화솜 순면 영유아 건티슈 대용량 1kg_6.jpg,./img_files_in_coupang_baby_title/product_detail/물티슈/건티슈/no_brand/새솜이 목화솜 순면 영유아 건티슈 대용량 1kg/새솜이 목화솜 순면 영유아 건티슈 대용량 1kg_7.jpg,./img_files_in_coupang_baby_title/product_detail/물티슈/건티슈/no_brand/새솜이 목화솜 순면 영유아 건티슈 대용량 1kg/새솜이 목화솜 순면 영유아 건티슈 대용량 1kg_8.jpg,./img_files_in_coupang_baby_title/product_detail/물티슈/건티슈/no_brand/새솜이 목화솜 순면 영유아 건티슈 대용량 1kg/새솜이 목화솜 순면 영유아 건티슈 대용량 1kg_9.jpg,./img_files_in_coupang_baby_title/product_detail/물티슈/건티슈/no_brand/새솜이 목화솜 순면 영유아 건티슈 대용량 1kg/새솜이 목화솜 순면 영유아 건티슈 대용량 1kg_10.jpg,./img_files_in_coupang_baby_title/product_detail/물티슈/건티슈/no_brand/새솜이 목화솜 순면 영유아 건티슈 대용량 1kg/새솜이 목화솜 순면 영유아 건티슈 대용량 1kg_11.jpg,./img_files_in_coupang_baby_title/product_detail/물티슈/건티슈/no_brand/새솜이 목화솜 순면 영유아 건티슈 대용량 1kg/새솜이 목화솜 순면 영유아 건티슈 대용량 1kg_12.jpg,./img_files_in_coupang_baby_title/product_detail/물티슈/건티슈/no_brand/새솜이 목화솜 순면 영유아 건티슈 대용량 1kg/새솜이 목화솜 순면 영유아 건티슈 대용량 1kg_13.jpg,./img_files_in_coupang_baby_title/product_detail/물티슈/건티슈/no_brand/새솜이 목화솜 순면 영유아 건티슈 대용량 1kg/새솜이 목화솜 순면 영유아 건티슈 대용량 1kg_14.jpg,./img_files_in_coupang_baby_title/product_detail/물티슈/건티슈/no_brand/새솜이 목화솜 순면 영유아 건티슈 대용량 1kg/새솜이 목화솜 순면 영유아 건티슈 대용량 1kg_15.jpg,./img_files_in_coupang_baby_title/product_detail/물티슈/건티슈/no_brand/새솜이 목화솜 순면 영유아 건티슈 대용량 1kg/새솜이 목화솜 순면 영유아 건티슈 대용량 1kg_16.jpg,./img_files_in_coupang_baby_title/product_detail/물티슈/건티슈/no_brand/새솜이 목화솜 순면 영유아 건티슈 대용량 1kg/새솜이 목화솜 순면 영유아 건티슈 대용량 1kg_17.jpg",https://www.coupang.com/vp/products/307201767?itemId=968611634&vendorItemId=5376360292&sourceType=CATEGORY&categoryId=485881
52,53,,베베누아주 무첨가 빅사이즈 유아건티슈,no_brand,,,,"단품 45g 박스 1,940g",,1box,"27,900원",2021-01-13 16:08:59.820738,,,,./img_files_in_coupang_baby_title/product/물티슈/건티슈/no_brand/베베누아주 무첨가 빅사이즈 유아건티슈.jpg,"./img_files_in_coupang_baby_title/product_detail/물티슈/건티슈/no_brand/베베누아주 무첨가 빅사이즈 유아건티슈/베베누아주 무첨가 빅사이즈 유아건티슈_0.jpg,./img_files_in_coupang_baby_title/product_detail/물티슈/건티슈/no_brand/베베누아주 무첨가 빅사이즈 유아건티슈/베베누아주 무첨가 빅사이즈 유아건티슈_1.jpg,./img_files_in_coupang_baby_title/product_detail/물티슈/건티슈/no_brand/베베누아주 무첨가 빅사이즈 유아건티슈/베베누아주 무첨가 빅사이즈 유아건티슈_2.jpg,./img_files_in_coupang_baby_title/product_detail/물티슈/건티슈/no_brand/베베누아주 무첨가 빅사이즈 유아건티슈/베베누아주 무첨가 빅사이즈 유아건티슈_3.jpg,./img_files_in_coupang_baby_title/product_detail/물티슈/건티슈/no_brand/베베누아주 무첨가 빅사이즈 유아건티슈/베베누아주 무첨가 빅사이즈 유아건티슈_4.jpg,./img_files_in_coupang_baby_title/product_detail/물티슈/건티슈/no_brand/베베누아주 무첨가 빅사이즈 유아건티슈/베베누아주 무첨가 빅사이즈 유아건티슈_5.jpg,./img_files_in_coupang_baby_title/product_detail/물티슈/건티슈/no_brand/베베누아주 무첨가 빅사이즈 유아건티슈/베베누아주 무첨가 빅사이즈 유아건티슈_6.jpg",https://www.coupang.com/vp/products/209217215?itemId=621973249&vendorItemId=4633330333&sourceType=CATEGORY&categoryId=485881
53,54,,코튼플러스 천연목화100% 베이비 다용도 건티슈 60매,코튼플러스,,,,,,60매 × 1개,"5,000원",2021-01-13 16:09:22.229997,,,,./img_files_in_coupang_baby_title/product/물티슈/건티슈/코튼플러스/코튼플러스 천연목화100% 베이비 다용도 건티슈 60매.jpg,"./img_files_in_coupang_baby_title/product_detail/물티슈/건티슈/코튼플러스/코튼플러스 천연목화100% 베이비 다용도 건티슈 60매/코튼플러스 천연목화100% 베이비 다용도 건티슈 60매_0.jpeg,./img_files_in_coupang_baby_title/product_detail/물티슈/건티슈/코튼플러스/코튼플러스 천연목화100% 베이비 다용도 건티슈 60매/코튼플러스 천연목화100% 베이비 다용도 건티슈 60매_1.jpeg,./img_files_in_coupang_baby_title/product_detail/물티슈/건티슈/코튼플러스/코튼플러스 천연목화100% 베이비 다용도 건티슈 60매/코튼플러스 천연목화100% 베이비 다용도 건티슈 60매_2.jpeg,./img_files_in_coupang_baby_title/product_detail/물티슈/건티슈/코튼플러스/코튼플러스 천연목화100% 베이비 다용도 건티슈 60매/코튼플러스 천연목화100% 베이비 다용도 건티슈 60매_3.jpeg",https://www.coupang.com/vp/products/12666668?itemId=53683400&vendorItemId=3083970032&sourceType=CATEGORY&categoryId=485881
54,55,,메디앤코즈 다용도 건티슈 80매 에탄올 500ml 세트 유아건티슈,no_brand,,,,,,80매,"9,800원",2021-01-13 16:09:39.651036,,,,./img_files_in_coupang_baby_title/product/물티슈/건티슈/no_brand/메디앤코즈 다용도 건티슈 80매 에탄올 500ml 세트 유아건티슈.png,"./img_files_in_coupang_baby_title/product_detail/물티슈/건티슈/no_brand/메디앤코즈 다용도 건티슈 80매 에탄올 500ml 세트 유아건티슈/메디앤코즈 다용도 건티슈 80매 에탄올 500ml 세트 유아건티슈_0.png,./img_files_in_coupang_baby_title/product_detail/물티슈/건티슈/no_brand/메디앤코즈 다용도 건티슈 80매 에탄올 500ml 세트 유아건티슈/메디앤코즈 다용도 건티슈 80매 에탄올 500ml 세트 유아건티슈_1.png,./img_files_in_coupang_baby_title/product_detail/물티슈/건티슈/no_brand/메디앤코즈 다용도 건티슈 80매 에탄올 500ml 세트 유아건티슈/메디앤코즈 다용도 건티슈 80매 에탄올 500ml 세트 유아건티슈_2.png,./img_files_in_coupang_baby_title/product_detail/물티슈/건티슈/no_brand/메디앤코즈 다용도 건티슈 80매 에탄올 500ml 세트 유아건티슈/메디앤코즈 다용도 건티슈 80매 에탄올 500ml 세트 유아건티슈_3.png,./img_files_in_coupang_baby_title/product_detail/물티슈/건티슈/no_brand/메디앤코즈 다용도 건티슈 80매 에탄올 500ml 세트 유아건티슈/메디앤코즈 다용도 건티슈 80매 에탄올 500ml 세트 유아건티슈_4.png",https://www.coupang.com/vp/products/1657140589?itemId=2823459744&vendorItemId=70812925855&sourceType=CATEGORY&categoryId=485881
55,56,,코튼플러스 베이비 건티슈 60매,코튼플러스,,,,,,60매,"9,000원",2021-01-13 16:09:58.655343,,,,./img_files_in_coupang_baby_title/product/물티슈/건티슈/코튼플러스/코튼플러스 베이비 건티슈 60매.jpg,"./img_files_in_coupang_baby_title/product_detail/물티슈/건티슈/코튼플러스/코튼플러스 베이비 건티슈 60매/코튼플러스 베이비 건티슈 60매_0.jpg,./img_files_in_coupang_baby_title/product_detail/물티슈/건티슈/코튼플러스/코튼플러스 베이비 건티슈 60매/코튼플러스 베이비 건티슈 60매_1.jpg,./img_files_in_coupang_baby_title/product_detail/물티슈/건티슈/코튼플러스/코튼플러스 베이비 건티슈 60매/코튼플러스 베이비 건티슈 60매_2.png",https://www.coupang.com/vp/products/1775919198?itemId=3023987361&vendorItemId=71012122600&sourceType=CATEGORY&categoryId=485881
56,57,,Delkien aoaao-fip 각티슈 FaSoLa순면 일회용 세수 천 부직포 클렌징 헤어숍 순면 면 종이 물티슈 케이스 세트,no_brand,,,,,,,"11,570원",2021-01-13 16:10:16.706596,,,,./img_files_in_coupang_baby_title/product/물티슈/건티슈/no_brand/Delkien aoaao-fip 각티슈 FaSoLa순면 일회용 세수 천 부직포 클렌징 헤어숍 순면 면 종이 물티슈 케이스 세트.jpg,,https://www.coupang.com/vp/products/1695765811?itemId=2886659737&vendorItemId=70875722722&sourceType=CATEGORY&categoryId=485881
57,58,,[코튼플러스] 건티슈 60매,코튼플러스,,,,,,60매,"7,200원",2021-01-13 16:10:31.463652,,상세페이지참조,,./img_files_in_coupang_baby_title/product/물티슈/건티슈/코튼플러스/[코튼플러스] 건티슈 60매.jpg,,https://www.coupang.com/vp/products/1594273569?itemId=2723708571&vendorItemId=70713906040&sourceType=CATEGORY&categoryId=485881
58,59,,아기 용 티슈 티슈 홀더,no_brand,,,,,,,"21,720원",2021-01-13 16:10:45.920643,,,,./img_files_in_coupang_baby_title/product/물티슈/건티슈/no_brand/아기 용 티슈 티슈 홀더.jpg,./img_files_in_coupang_baby_title/product_detail/물티슈/건티슈/no_brand/아기 용 티슈 티슈 홀더/아기 용 티슈 티슈 홀더_0.jpg,https://www.coupang.com/vp/products/1541302547?itemId=2639902395&vendorItemId=70630744174&sourceType=CATEGORY&categoryId=485881
59,60,,따꼬 베베누아주,따꼬,,,,,,1박스,"27,340원",2021-01-13 16:11:00.449328,,,,./img_files_in_coupang_baby_title/product/물티슈/건티슈/따꼬/따꼬 베베누아주.jpg,"./img_files_in_coupang_baby_title/product_detail/물티슈/건티슈/따꼬/따꼬 베베누아주/따꼬 베베누아주_0.jpg,./img_files_in_coupang_baby_title/product_detail/물티슈/건티슈/따꼬/따꼬 베베누아주/따꼬 베베누아주_1.jpg",https://www.coupang.com/vp/products/1500071573?itemId=2575917392&vendorItemId=70568200841&sourceType=CATEGORY&categoryId=485881
